CODIGO;NUM_VIVIENDA_TURISTICA;TOTAL_PLAZAS;RATIO_PLAZA_POR_VIVIENDA_TURISTICA;PORCENTAJE_VIVIENDAS_TURISTICAS;MUN;MUN_LITERAL
4600101001;1;4;4,0;0,1;46001;Ademuz
4600201001;18;88;4,9;2,2;46002;Ador
4600301001;3;21;7,0;0,4;46003;Atzeneta d'Albaida
4600401001;5;35;7,0;0,4;46004;Agullent
4600501001;1;2;2,0;0,2;46005;Alaquàs
4600501002;0;0;;0,0;46005;Alaquàs
4600501003;1;2;2,0;0,3;46005;Alaquàs
4600501004;0;0;;0,0;46005;Alaquàs
4600501005;1;2;2,0;0,1;46005;Alaquàs
4600501006;1;2;2,0;0,2;46005;Alaquàs
4600501007;0;0;;0,0;46005;Alaquàs
4600501008;0;0;;0,0;46005;Alaquàs
4600501009;0;0;;0,0;46005;Alaquàs
4600501010;0;0;;0,0;46005;Alaquàs
4600502001;0;0;;0,0;46005;Alaquàs
4600502002;0;0;;0,0;46005;Alaquàs
4600502003;1;4;4,0;0,2;46005;Alaquàs
4600502004;0;0;;0,0;46005;Alaquàs
4600502005;1;6;6,0;0,1;46005;Alaquàs
4600502006;0;0;;0,0;46005;Alaquàs
4600502007;0;0;;0,0;46005;Alaquàs
4600503001;0;0;;0,0;46005;Alaquàs
4600503002;0;0;;0,0;46005;Alaquàs
4600503003;0;0;;0,0;46005;Alaquàs
4600503004;0;0;;0,0;46005;Alaquàs
4600503005;0;0;;0,0;46005;Alaquàs
4600601001;0;0;;0,0;46006;Albaida
4600601002;1;3;3,0;0,2;46006;Albaida
4600601003;0;0;;0,0;46006;Albaida
4600601004;2;9;4,5;0,5;46006;Albaida
4600601005;1;10;10,0;0,2;46006;Albaida
4600601006;0;0;;0,0;46006;Albaida
4600601007;0;0;;0,0;46006;Albaida
4600701001;1;1;1,0;0,1;46007;Albal
4600701002;0;0;;0,0;46007;Albal
4600701003;2;4;2,0;0,2;46007;Albal
4600701004;0;0;;0,0;46007;Albal
4600702001;0;0;;0,0;46007;Albal
4600702002;0;0;;0,0;46007;Albal
4600702003;1;3;3,0;0,1;46007;Albal
4600703001;0;0;;0,0;46007;Albal
4600704001;0;0;;0,0;46007;Albal
4600801001;0;0;;0,0;46008;Albalat de la Ribera
4600801002;0;0;;0,0;46008;Albalat de la Ribera
4600901001;1;2;2,0;0,2;46009;Albalat dels Sorells
4600901002;2;8;4,0;0,3;46009;Albalat dels Sorells
4600901003;5;16;3,2;0,6;46009;Albalat dels Sorells
4601001001;4;42;10,5;0,2;46010;Albalat dels Tarongers
4601101001;0;0;;0,0;46011;Alberic
4601101002;0;0;;0,0;46011;Alberic
4601101003;0;0;;0,0;46011;Alberic
4601101004;1;20;20,0;0,2;46011;Alberic
4601101005;0;0;;0,0;46011;Alberic
4601101006;7;44;6,3;0,5;46011;Alberic
4601101007;0;0;;0,0;46011;Alberic
4601201001;10;35;3,5;1,0;46012;Alborache
4601301001;2;4;2,0;0,2;46013;Alboraya
4601301002;0;0;;0,0;46013;Alboraya
4601301003;0;0;;0,0;46013;Alboraya
4601301004;1;5;5,0;0,1;46013;Alboraya
4601301005;5;15;3,0;0,6;46013;Alboraya
4601301006;2;4;2,0;0,3;46013;Alboraya
4601301007;173;854;4,9;8,6;46013;Alboraya
4601301008;0;0;;0,0;46013;Alboraya
4601301009;2;7;3,5;0,3;46013;Alboraya
4601301010;0;0;;0,0;46013;Alboraya
4601301011;3;9;3,0;0,3;46013;Alboraya
4601301012;81;379;4,7;2,5;46013;Alboraya
4601401001;0;0;;0,0;46014;Albuixech
4601401002;1;8;8,0;0,1;46014;Albuixech
4601501001;0;0;;0,0;46015;Alcàsser
4601501002;0;0;;0,0;46015;Alcàsser
4601501003;0;0;;0,0;46015;Alcàsser
4601501004;2;8;4,0;0,2;46015;Alcàsser
4601501005;1;2;2,0;0,1;46015;Alcàsser
4601501006;0;0;;0,0;46015;Alcàsser
4601601001;0;0;;0,0;46016;Alcàntera de Xúquer
4601701001;4;20;5,0;0,9;46017;Alzira
4601701002;1;2;2,0;0,1;46017;Alzira
4601701003;0;0;;0,0;46017;Alzira
4601702001;0;0;;0,0;46017;Alzira
4601702002;1;4;4,0;0,1;46017;Alzira
4601702003;0;0;;0,0;46017;Alzira
4601702004;2;14;7,0;0,3;46017;Alzira
4601702005;0;0;;0,0;46017;Alzira
4601702006;1;1;1,0;0,2;46017;Alzira
4601702007;0;0;;0,0;46017;Alzira
4601702008;1;4;4,0;0,1;46017;Alzira
4601702009;0;0;;0,0;46017;Alzira
4601703001;0;0;;0,0;46017;Alzira
4601703002;0;0;;0,0;46017;Alzira
4601703003;0;0;;0,0;46017;Alzira
4601703004;0;0;;0,0;46017;Alzira
4601704001;2;12;6,0;0,3;46017;Alzira
4601704002;0;0;;0,0;46017;Alzira
4601704003;0;0;;0,0;46017;Alzira
4601704004;0;0;;0,0;46017;Alzira
4601704005;0;0;;0,0;46017;Alzira
4601704006;1;4;4,0;0,2;46017;Alzira
4601704007;0;0;;0,0;46017;Alzira
4601704008;0;0;;0,0;46017;Alzira
4601704009;0;0;;0,0;46017;Alzira
4601704010;0;0;;0,0;46017;Alzira
4601704011;0;0;;0,0;46017;Alzira
4601704012;0;0;;0,0;46017;Alzira
4601704013;1;1;1,0;0,1;46017;Alzira
4601705001;0;0;;0,0;46017;Alzira
4601705002;19;115;6,1;1,0;46017;Alzira
4601705003;1;10;10,0;0,2;46017;Alzira
4601801001;0;0;;0,0;46018;Alcublas
4601901001;1;4;4,0;0,1;46019;Alcúdia, l'
4601901002;0;0;;0,0;46019;Alcúdia, l'
4601901003;0;0;;0,0;46019;Alcúdia, l'
4601902001;0;0;;0,0;46019;Alcúdia, l'
4601902002;0;0;;0,0;46019;Alcúdia, l'
4601902003;0;0;;0,0;46019;Alcúdia, l'
4601902004;0;0;;0,0;46019;Alcúdia, l'
4601902005;0;0;;0,0;46019;Alcúdia, l'
4601902006;0;0;;0,0;46019;Alcúdia, l'
4602001001;0;0;;0,0;46020;Alcúdia de Crespins, l'
4602001002;0;0;;0,0;46020;Alcúdia de Crespins, l'
4602001003;0;0;;0,0;46020;Alcúdia de Crespins, l'
4602101001;0;0;;0,0;46021;Aldaia
4602101002;0;0;;0,0;46021;Aldaia
4602101003;0;0;;0,0;46021;Aldaia
4602101004;0;0;;0,0;46021;Aldaia
4602101005;0;0;;0,0;46021;Aldaia
4602101006;1;1;1,0;0,2;46021;Aldaia
4602101007;0;0;;0,0;46021;Aldaia
4602101008;0;0;;0,0;46021;Aldaia
4602101009;0;0;;0,0;46021;Aldaia
4602101010;0;0;;0,0;46021;Aldaia
4602101011;0;0;;0,0;46021;Aldaia
4602101012;0;0;;0,0;46021;Aldaia
4602101013;0;0;;0,0;46021;Aldaia
4602101014;0;0;;0,0;46021;Aldaia
4602101015;0;0;;0,0;46021;Aldaia
4602101016;0;0;;0,0;46021;Aldaia
4602101017;0;0;;0,0;46021;Aldaia
4602101018;0;0;;0,0;46021;Aldaia
4602101019;0;0;;0,0;46021;Aldaia
4602201001;1;1;1,0;0,1;46022;Alfafar
4602201002;0;0;;0,0;46022;Alfafar
4602201003;1;2;2,0;0,3;46022;Alfafar
4602201004;2;4;2,0;0,3;46022;Alfafar
4602201005;2;3;1,5;0,3;46022;Alfafar
4602201006;0;0;;0,0;46022;Alfafar
4602201007;0;0;;0,0;46022;Alfafar
4602201008;0;0;;0,0;46022;Alfafar
4602201009;0;0;;0,0;46022;Alfafar
4602201010;0;0;;0,0;46022;Alfafar
4602201011;0;0;;0,0;46022;Alfafar
4602201012;0;0;;0,0;46022;Alfafar
4602201013;0;0;;0,0;46022;Alfafar
4602201014;1;1;1,0;0,2;46022;Alfafar
4602201015;0;0;;0,0;46022;Alfafar
4602201016;1;1;1,0;0,2;46022;Alfafar
4602201017;2;3;1,5;0,7;46022;Alfafar
4602201018;0;0;;0,0;46022;Alfafar
4602301001;0;0;;0,0;46023;Alfauir
4602401001;1;4;4,0;0,3;46024;Alfara de la Baronia
4602501001;1;2;2,0;0,1;46025;Alfara del Patriarca
4602501002;1;2;2,0;0,1;46025;Alfara del Patriarca
4602601001;3;21;7,0;0,3;46026;Alfarp
4602701001;1;5;5,0;0,2;46027;Alfarrasí
4602801001;10;39;3,9;2,0;46028;Algar de Palancia
4602901001;0;0;;0,0;46029;Algemesí
4602901004;1;3;3,0;0,2;46029;Algemesí
4602902001;0;0;;0,0;46029;Algemesí
4602902002;0;0;;0,0;46029;Algemesí
4602902003;1;1;1,0;0,2;46029;Algemesí
4602902004;0;0;;0,0;46029;Algemesí
4602902005;0;0;;0,0;46029;Algemesí
4602903001;0;0;;0,0;46029;Algemesí
4602903002;1;6;6,0;0,1;46029;Algemesí
4602903003;0;0;;0,0;46029;Algemesí
4602903004;0;0;;0,0;46029;Algemesí
4602903005;0;0;;0,0;46029;Algemesí
4602903006;0;0;;0,0;46029;Algemesí
4602903007;0;0;;0,0;46029;Algemesí
4602903008;1;6;6,0;0,1;46029;Algemesí
4602903009;0;0;;0,0;46029;Algemesí
4602903010;0;0;;0,0;46029;Algemesí
4602904001;0;0;;0,0;46029;Algemesí
4602904002;0;0;;0,0;46029;Algemesí
4602904003;0;0;;0,0;46029;Algemesí
4602904004;1;4;4,0;0,2;46029;Algemesí
4602904005;0;0;;0,0;46029;Algemesí
4602904006;0;0;;0,0;46029;Algemesí
4602904007;0;0;;0,0;46029;Algemesí
4602905001;0;0;;0,0;46029;Algemesí
4603001001;2;17;8,5;0,2;46030;Algimia de Alfara
4603101001;0;0;;0,0;46031;Alginet
4603101002;0;0;;0,0;46031;Alginet
4603102001;0;0;;0,0;46031;Alginet
4603102002;0;0;;0,0;46031;Alginet
4603102003;0;0;;0,0;46031;Alginet
4603103001;0;0;;0,0;46031;Alginet
4603103002;0;0;;0,0;46031;Alginet
4603103003;5;28;5,6;0,6;46031;Alginet
4603201001;0;0;;0,0;46032;Almàssera
4603201002;1;4;4,0;0,1;46032;Almàssera
4603201003;4;27;6,8;0,5;46032;Almàssera
4603201004;0;0;;0,0;46032;Almàssera
4603301001;3;23;7,7;1,7;46033;Almiserà
4603401001;6;37;6,2;0,5;46034;Almoines
4603501001;0;0;;0,0;46035;Almussafes
4603501002;1;1;1,0;0,1;46035;Almussafes
4603501003;2;6;3,0;0,2;46035;Almussafes
4603501004;1;4;4,0;0,1;46035;Almussafes
4603601001;14;86;6,1;1,3;46036;Alpuente
4603701001;0;0;;0,0;46037;Alqueria de la Comtessa, l'
4603801001;5;23;4,6;0,7;46038;Andilla
4603901001;4;21;5,3;0,5;46039;Anna
4603901002;7;31;4,4;1,0;46039;Anna
4604001001;0;0;;0,0;46040;Antella
4604101001;1;6;6,0;0,1;46041;Aras de los Olmos
4604201001;0;0;;0,0;46042;Aielo de Malferit
4604201002;2;11;5,5;0,2;46042;Aielo de Malferit
4604301001;1;8;8,0;0,8;46043;Aielo de Rugat
4604401001;4;30;7,5;0,4;46044;Ayora
4604401002;0;0;;0,0;46044;Ayora
4604401003;0;0;;0,0;46044;Ayora
4604401004;1;8;8,0;0,2;46044;Ayora
4604501001;14;80;5,7;1,6;46045;Barxeta
4604601001;33;208;6,3;2,9;46046;Barx
4604701001;1;4;4,0;0,3;46047;Bèlgida
4604801001;42;225;5,4;2,8;46048;Bellreguard
4604801002;1;6;6,0;0,0;46048;Bellreguard
4604901001;1;6;6,0;0,4;46049;Bellús
4605001001;0;0;;0,0;46050;Benagéber
4605101001;2;5;2,5;0,2;46051;Benaguasil
4605102001;0;0;;0,0;46051;Benaguasil
4605102002;1;4;4,0;0,1;46051;Benaguasil
4605102003;2;5;2,5;0,2;46051;Benaguasil
4605103001;0;0;;0,0;46051;Benaguasil
4605103002;1;6;6,0;0,2;46051;Benaguasil
4605103003;1;6;6,0;0,1;46051;Benaguasil
4605201001;2;8;4,0;0,6;46052;Benavites
4605301001;0;0;;0,0;46053;Beneixida
4605401001;4;21;5,3;0,3;46054;Benetússer
4605401002;2;5;2,5;0,3;46054;Benetússer
4605401003;3;4;1,3;0,7;46054;Benetússer
4605401004;0;0;;0,0;46054;Benetússer
4605401005;1;2;2,0;0,2;46054;Benetússer
4605401006;0;0;;0,0;46054;Benetússer
4605401007;0;0;;0,0;46054;Benetússer
4605401008;2;14;7,0;0,3;46054;Benetússer
4605401009;2;12;6,0;0,2;46054;Benetússer
4605401010;0;0;;0,0;46054;Benetússer
4605501001;6;20;3,3;0,7;46055;Beniarjó
4605601001;1;6;6,0;0,6;46056;Beniatjar
4605701001;0;0;;0,0;46057;Benicolet
4605801001;8;31;3,9;0,7;46058;Benifairó de les Valls
4605901001;2;14;7,0;0,2;46059;Benifairó de la Valldigna
4606001001;0;0;;0,0;46060;Benifaió
4606001002;2;18;9,0;0,2;46060;Benifaió
4606001003;0;0;;0,0;46060;Benifaió
4606001004;0;0;;0,0;46060;Benifaió
4606001005;1;4;4,0;0,1;46060;Benifaió
4606001006;0;0;;0,0;46060;Benifaió
4606001007;0;0;;0,0;46060;Benifaió
4606001008;0;0;;0,0;46060;Benifaió
4606001009;0;0;;0,0;46060;Benifaió
4606101001;0;0;;0,0;46061;Beniflá
4606201001;3;12;4,0;0,3;46062;Benigánim
4606201002;0;0;;0,0;46062;Benigánim
4606201003;7;29;4,1;0,8;46062;Benigánim
4606301001;0;0;;0,0;46063;Benimodo
4606401001;0;0;;0,0;46064;Benimuslem
4606501001;0;0;;0,0;46065;Beniparrell
4606601001;2;12;6,0;0,3;46066;Benirredrà
4606701001;0;0;;0,0;46067;Benisanó
4606801001;0;0;;0,0;46068;Benissoda
4606901001;0;0;;0,0;46069;Benisuera
4607001001;7;55;7,9;1,0;46070;Bétera
4607001002;1;16;16,0;0,1;46070;Bétera
4607001003;6;40;6,7;0,7;46070;Bétera
4607001004;0;0;;0,0;46070;Bétera
4607002001;2;6;3,0;0,2;46070;Bétera
4607002002;0;0;;0,0;46070;Bétera
4607002003;3;15;5,0;0,3;46070;Bétera
4607002004;1;13;13,0;0,1;46070;Bétera
4607002005;1;5;5,0;0,2;46070;Bétera
4607002006;2;11;5,5;0,2;46070;Bétera
4607002007;0;0;;0,0;46070;Bétera
4607002008;4;19;4,8;1,1;46070;Bétera
4607002009;0;0;;0,0;46070;Bétera
4607101001;4;41;10,3;0,8;46071;Bicorp
4607201002;13;75;5,8;1,1;46072;Bocairent
4607201003;1;6;6,0;0,1;46072;Bocairent
4607201004;11;94;8,5;1,8;46072;Bocairent
4607301001;5;32;6,4;0,5;46073;Bolbaite
4607401001;0;0;;0,0;46074;Bonrepòs i Mirambell
4607401002;0;0;;0,0;46074;Bonrepòs i Mirambell
4607501001;1;6;6,0;1,0;46075;Bufali
4607601001;2;10;5,0;0,3;46076;Bugarra
4607701001;1;6;6,0;0,1;46077;Buñol
4607701002;3;12;4,0;0,4;46077;Buñol
4607701003;0;0;;0,0;46077;Buñol
4607701004;0;0;;0,0;46077;Buñol
4607701005;0;0;;0,0;46077;Buñol
4607701006;1;10;10,0;0,1;46077;Buñol
4607701007;1;4;4,0;0,1;46077;Buñol
4607801001;3;3;1,0;0,5;46078;Burjassot
4607801002;2;9;4,5;0,2;46078;Burjassot
4607801003;2;14;7,0;0,3;46078;Burjassot
4607801004;6;19;3,2;0,6;46078;Burjassot
4607801005;1;6;6,0;0,2;46078;Burjassot
4607801006;3;9;3,0;0,4;46078;Burjassot
4607801007;5;14;2,8;1,0;46078;Burjassot
4607801008;0;0;;0,0;46078;Burjassot
4607801009;3;15;5,0;0,4;46078;Burjassot
4607801010;0;0;;0,0;46078;Burjassot
4607802001;2;6;3,0;0,4;46078;Burjassot
4607802002;2;9;4,5;0,3;46078;Burjassot
4607802003;2;8;4,0;0,2;46078;Burjassot
4607802004;0;0;;0,0;46078;Burjassot
4607802005;1;4;4,0;0,1;46078;Burjassot
4607802006;1;5;5,0;0,1;46078;Burjassot
4607802007;12;30;2,5;1,6;46078;Burjassot
4607802008;10;34;3,4;1,6;46078;Burjassot
4607802009;0;0;;0,0;46078;Burjassot
4607802010;1;1;1,0;0,2;46078;Burjassot
4607802011;3;13;4,3;0,3;46078;Burjassot
4607802012;1;6;6,0;0,4;46078;Burjassot
4607802013;0;0;;0,0;46078;Burjassot
4607802014;1;2;2,0;0,2;46078;Burjassot
4607802015;3;11;3,7;0,5;46078;Burjassot
4607802016;1;5;5,0;0,5;46078;Burjassot
4607901001;5;30;6,0;0,7;46079;Calles
4608001001;0;0;;0,0;46080;Camporrobles
4608101001;1;9;9,0;0,1;46081;Canals
4608101002;0;0;;0,0;46081;Canals
4608101003;0;0;;0,0;46081;Canals
4608101004;0;0;;0,0;46081;Canals
4608101005;0;0;;0,0;46081;Canals
4608101006;0;0;;0,0;46081;Canals
4608101007;0;0;;0,0;46081;Canals
4608101008;0;0;;0,0;46081;Canals
4608201001;4;12;3,0;0,5;46082;Canet d'En Berenguer
4608201002;75;372;5,0;1,7;46082;Canet d'En Berenguer
4608201003;24;137;5,7;2,3;46082;Canet d'En Berenguer
4608201004;53;264;5,0;2,2;46082;Canet d'En Berenguer
4608201005;3;16;5,3;0,5;46082;Canet d'En Berenguer
4608301001;1;4;4,0;0,2;46083;Carcaixent
4608301002;1;4;4,0;0,1;46083;Carcaixent
4608301003;0;0;;0,0;46083;Carcaixent
4608302001;0;0;;0,0;46083;Carcaixent
4608302002;1;1;1,0;0,1;46083;Carcaixent
4608302003;1;3;3,0;0,1;46083;Carcaixent
4608303001;0;0;;0,0;46083;Carcaixent
4608303002;0;0;;0,0;46083;Carcaixent
4608303003;0;0;;0,0;46083;Carcaixent
4608304001;1;4;4,0;0,1;46083;Carcaixent
4608304002;0;0;;0,0;46083;Carcaixent
4608304003;1;6;6,0;0,2;46083;Carcaixent
4608304004;0;0;;0,0;46083;Carcaixent
4608304005;1;2;2,0;0,2;46083;Carcaixent
4608304006;0;0;;0,0;46083;Carcaixent
4608304007;2;12;6,0;0,2;46083;Carcaixent
4608401001;0;0;;0,0;46084;Càrcer
4608501001;0;0;;0,0;46085;Carlet
4608501002;0;0;;0,0;46085;Carlet
4608501003;0;0;;0,0;46085;Carlet
4608501004;1;4;4,0;0,2;46085;Carlet
4608501005;0;0;;0,0;46085;Carlet
4608501006;0;0;;0,0;46085;Carlet
4608501007;1;1;1,0;0,2;46085;Carlet
4608501008;0;0;;0,0;46085;Carlet
4608501009;0;0;;0,0;46085;Carlet
4608501010;0;0;;0,0;46085;Carlet
4608601001;1;6;6,0;1,2;46086;Carrícola
4608701001;2;18;9,0;0,7;46087;Casas Altas
4608801001;2;11;5,5;0,3;46088;Casas Bajas
4608901001;0;0;;0,0;46089;Casinos
4608901002;5;20;4,0;0,6;46089;Casinos
4609001001;3;17;5,7;0,2;46090;Castelló de Rugat
4609101001;2;18;9,0;2,5;46091;Castellonet de la Conquesta
4609201001;11;63;5,7;3,1;46092;Castielfabib
4609301001;1;6;6,0;0,1;46093;Catadau
4609301002;3;18;6,0;0,5;46093;Catadau
4609401001;0;0;;0,0;46094;Catarroja
4609401002;0;0;;0,0;46094;Catarroja
4609401003;2;6;3,0;0,3;46094;Catarroja
4609401004;1;4;4,0;0,1;46094;Catarroja
4609401005;1;6;6,0;0,1;46094;Catarroja
4609401006;0;0;;0,0;46094;Catarroja
4609401007;0;0;;0,0;46094;Catarroja
4609401008;4;11;2,8;0,8;46094;Catarroja
4609401009;3;6;2,0;0,3;46094;Catarroja
4609401010;1;2;2,0;0,2;46094;Catarroja
4609401011;1;1;1,0;0,2;46094;Catarroja
4609401012;0;0;;0,0;46094;Catarroja
4609401013;0;0;;0,0;46094;Catarroja
4609401014;0;0;;0,0;46094;Catarroja
4609401015;0;0;;0,0;46094;Catarroja
4609401016;0;0;;0,0;46094;Catarroja
4609401017;1;2;2,0;0,1;46094;Catarroja
4609401018;1;2;2,0;0,2;46094;Catarroja
4609401019;0;0;;0,0;46094;Catarroja
4609501001;3;22;7,3;0,5;46095;Caudete de las Fuentes
4609601001;0;0;;0,0;46096;Cerdà
4609701001;0;0;;0,0;46097;Cofrentes
4609801001;6;45;7,5;0,8;46098;Corbera
4609801002;0;0;;0,0;46098;Corbera
4609801003;1;10;10,0;0,1;46098;Corbera
4609901001;1;7;7,0;0,1;46099;Cortes de Pallás
4610001001;0;0;;0,0;46100;Cotes
4610101001;3;31;10,3;0,5;46101;Quart de les Valls
4610201001;1;4;4,0;0,1;46102;Quart de Poblet
4610201002;0;0;;0,0;46102;Quart de Poblet
4610201003;0;0;;0,0;46102;Quart de Poblet
4610201004;1;5;5,0;0,1;46102;Quart de Poblet
4610201005;0;0;;0,0;46102;Quart de Poblet
4610201006;0;0;;0,0;46102;Quart de Poblet
4610201007;0;0;;0,0;46102;Quart de Poblet
4610201008;0;0;;0,0;46102;Quart de Poblet
4610201009;1;1;1,0;0,2;46102;Quart de Poblet
4610201010;0;0;;0,0;46102;Quart de Poblet
4610201011;1;3;3,0;0,2;46102;Quart de Poblet
4610201012;0;0;;0,0;46102;Quart de Poblet
4610201013;0;0;;0,0;46102;Quart de Poblet
4610201014;1;4;4,0;0,2;46102;Quart de Poblet
4610201015;0;0;;0,0;46102;Quart de Poblet
4610201016;0;0;;0,0;46102;Quart de Poblet
4610201018;0;0;;0,0;46102;Quart de Poblet
4610201019;0;0;;0,0;46102;Quart de Poblet
4610201020;0;0;;0,0;46102;Quart de Poblet
4610201021;0;0;;0,0;46102;Quart de Poblet
4610201022;0;0;;0,0;46102;Quart de Poblet
4610301001;4;19;4,8;0,5;46103;Quartell
4610401001;0;0;;0,0;46104;Quatretonda
4610401002;1;4;4,0;0,3;46104;Quatretonda
4610501001;0;0;;0,0;46105;Cullera
4610501003;4;22;5,5;0,5;46105;Cullera
4610502001;4;18;4,5;0,5;46105;Cullera
4610502002;2;10;5,0;0,2;46105;Cullera
4610502003;2;13;6,5;0,4;46105;Cullera
4610503001;5;29;5,8;0,4;46105;Cullera
4610504001;1;2;2,0;0,1;46105;Cullera
4610504002;2;12;6,0;0,4;46105;Cullera
4610504003;1;3;3,0;0,2;46105;Cullera
4610505001;19;88;4,6;1,5;46105;Cullera
4610505002;12;67;5,6;1,4;46105;Cullera
4610505003;83;437;5,3;2,3;46105;Cullera
4610505004;31;246;7,9;2,7;46105;Cullera
4610506001;119;624;5,2;2,2;46105;Cullera
4610506002;356;2049;5,8;3,3;46105;Cullera
4610601001;3;17;5,7;0,2;46106;Chelva
4610601003;3;18;6,0;0,4;46106;Chelva
4610701001;5;33;6,6;0,6;46107;Chella
4610701002;9;66;7,3;0,8;46107;Chella
4610801001;4;36;9,0;0,6;46108;Chera
4610901001;0;0;;0,0;46109;Cheste
4610901002;0;0;;0,0;46109;Cheste
4610901003;2;12;6,0;0,3;46109;Cheste
4610902001;1;2;2,0;0,1;46109;Cheste
4610902002;9;76;8,4;0,8;46109;Cheste
4610903001;0;0;;0,0;46109;Cheste
4611001001;0;0;;0,0;46110;Xirivella
4611001003;0;0;;0,0;46110;Xirivella
4611001005;0;0;;0,0;46110;Xirivella
4611001006;0;0;;0,0;46110;Xirivella
4611001007;0;0;;0,0;46110;Xirivella
4611001008;1;2;2,0;0,1;46110;Xirivella
4611001009;1;4;4,0;0,2;46110;Xirivella
4611001010;0;0;;0,0;46110;Xirivella
4611001011;1;4;4,0;0,1;46110;Xirivella
4611001012;0;0;;0,0;46110;Xirivella
4611001013;1;4;4,0;0,1;46110;Xirivella
4611001015;0;0;;0,0;46110;Xirivella
4611001016;0;0;;0,0;46110;Xirivella
4611001017;0;0;;0,0;46110;Xirivella
4611001018;1;2;2,0;0,2;46110;Xirivella
4611001019;1;2;2,0;0,2;46110;Xirivella
4611001020;1;2;2,0;0,1;46110;Xirivella
4611001021;7;34;4,9;0,8;46110;Xirivella
4611001022;3;6;2,0;0,3;46110;Xirivella
4611001023;2;6;3,0;0,3;46110;Xirivella
4611001024;0;0;;0,0;46110;Xirivella
4611101001;0;0;;0,0;46111;Chiva
4611101002;2;15;7,5;0,2;46111;Chiva
4611101003;9;71;7,9;0,4;46111;Chiva
4611101004;1;6;6,0;0,1;46111;Chiva
4611101005;9;55;6,1;0,4;46111;Chiva
4611101006;0;0;;0,0;46111;Chiva
4611101007;8;55;6,9;0,5;46111;Chiva
4611101008;23;163;7,1;0,8;46111;Chiva
4611201001;49;307;6,3;5,9;46112;Chulilla
4611301001;88;472;5,4;2,3;46113;Daimús
4611301002;5;29;5,8;0,2;46113;Daimús
4611401001;0;0;;0,0;46114;Domeño
4611501001;1;6;6,0;0,2;46115;Dos Aguas
4611601001;1;10;10,0;0,1;46116;Eliana, l'
4611601002;0;0;;0,0;46116;Eliana, l'
4611601003;11;71;6,5;1,0;46116;Eliana, l'
4611601004;6;43;7,2;0,4;46116;Eliana, l'
4611601005;8;37;4,6;0,9;46116;Eliana, l'
4611601006;4;20;5,0;0,7;46116;Eliana, l'
4611601007;7;39;5,6;0,8;46116;Eliana, l'
4611601008;0;0;;0,0;46116;Eliana, l'
4611601009;1;12;12,0;0,1;46116;Eliana, l'
4611601010;0;0;;0,0;46116;Eliana, l'
4611701001;0;0;;0,0;46117;Emperador
4611801001;5;20;4,0;0,6;46118;Enguera
4611801002;7;31;4,4;0,7;46118;Enguera
4611801003;17;113;6,6;2,1;46118;Enguera
4611901001;0;0;;0,0;46119;Ènova, l'
4612001001;7;41;5,9;0,6;46120;Estivella
4612101001;0;0;;0,0;46121;Estubeny
4612201001;8;38;4,8;0,6;46122;Faura
4612201002;3;8;2,7;0,4;46122;Faura
4612301001;3;66;22,0;0,2;46123;Favara
4612401001;2;22;11,0;0,4;46124;Fontanars dels Alforins
4612501001;1;8;8,0;0,2;46125;Fortaleny
4612601001;0;0;;0,0;46126;Foios
4612601002;0;0;;0,0;46126;Foios
4612601003;0;0;;0,0;46126;Foios
4612601004;0;0;;0,0;46126;Foios
4612601005;1;7;7,0;0,2;46126;Foios
4612701001;2;11;5,5;0,1;46127;Font d'En Carròs, la
4612701002;27;168;6,2;2,9;46127;Font d'En Carròs, la
4612801001;0;0;;0,0;46128;Font de la Figuera, la
4612801002;0;0;;0,0;46128;Font de la Figuera, la
4612901001;0;0;;0,0;46129;Fuenterrobles
4613001001;0;0;;0,0;46130;Gavarda
4613101001;2;10;5,0;0,2;46131;Gandia
4613101003;3;16;5,3;0,6;46131;Gandia
4613102001;2;5;2,5;0,2;46131;Gandia
4613102002;3;5;1,7;0,4;46131;Gandia
4613102003;3;10;3,3;0,6;46131;Gandia
4613102004;2;4;2,0;0,4;46131;Gandia
4613102005;1;4;4,0;0,2;46131;Gandia
4613102006;3;5;1,7;0,5;46131;Gandia
4613102007;1;4;4,0;0,1;46131;Gandia
4613102008;2;7;3,5;0,3;46131;Gandia
4613102009;7;25;3,6;1,0;46131;Gandia
4613102010;3;10;3,3;0,3;46131;Gandia
4613102011;1;5;5,0;0,2;46131;Gandia
4613102012;0;0;;0,0;46131;Gandia
4613102013;4;18;4,5;0,6;46131;Gandia
4613102014;8;32;4,0;0,7;46131;Gandia
4613102015;2;8;4,0;0,3;46131;Gandia
4613103001;2;6;3,0;0,3;46131;Gandia
4613103002;8;22;2,8;0,7;46131;Gandia
4613103003;5;31;6,2;0,8;46131;Gandia
4613103004;1;6;6,0;0,2;46131;Gandia
4613104001;15;91;6,1;0,9;46131;Gandia
4613104002;90;573;6,4;4,1;46131;Gandia
4613104003;324;1750;5,4;4,1;46131;Gandia
4613104004;37;215;5,8;3,7;46131;Gandia
4613104005;291;1708;5,9;2,5;46131;Gandia
4613104006;45;253;5,6;3,2;46131;Gandia
4613105001;1;5;5,0;0,2;46131;Gandia
4613105002;2;7;3,5;0,4;46131;Gandia
4613105003;1;6;6,0;0,2;46131;Gandia
4613105004;5;18;3,6;0,8;46131;Gandia
4613105005;1;1;1,0;0,2;46131;Gandia
4613105006;3;15;5,0;0,5;46131;Gandia
4613105007;0;0;;0,0;46131;Gandia
4613105008;1;5;5,0;0,2;46131;Gandia
4613105009;5;20;4,0;2,2;46131;Gandia
4613105010;4;20;5,0;0,5;46131;Gandia
4613106001;2;9;4,5;0,2;46131;Gandia
4613106002;2;13;6,5;0,3;46131;Gandia
4613106003;4;23;5,8;0,5;46131;Gandia
4613106004;0;0;;0,0;46131;Gandia
4613106005;1;4;4,0;0,1;46131;Gandia
4613107001;3;17;5,7;0,3;46131;Gandia
4613107002;44;280;6,4;4,4;46131;Gandia
4613107003;1;2;2,0;0,2;46131;Gandia
4613201001;3;29;9,7;0,3;46132;Genovés
4613201002;0;0;;0,0;46132;Genovés
4613301001;7;32;4,6;0,7;46133;Gestalgar
4613401001;14;89;6,4;0,6;46134;Gilet
4613501001;0;0;;0,0;46135;Godella
4613502001;1;3;3,0;0,2;46135;Godella
4613502002;4;10;2,5;0,3;46135;Godella
4613503001;8;17;2,1;0,7;46135;Godella
4613503002;2;3;1,5;0,3;46135;Godella
4613504001;24;161;6,7;3,0;46135;Godella
4613504002;0;0;;0,0;46135;Godella
4613601001;4;35;8,8;0,4;46136;Godelleta
4613601002;31;185;6,0;1,4;46136;Godelleta
4613701001;1;7;7,0;0,5;46137;Granja de la Costera, la
4613801001;0;0;;0,0;46138;Guadasequies
4613901001;0;0;;0,0;46139;Guadassuar
4613901002;0;0;;0,0;46139;Guadassuar
4613901003;0;0;;0,0;46139;Guadassuar
4613901004;0;0;;0,0;46139;Guadassuar
4614001001;12;62;5,2;1,1;46140;Guardamar de la Safor
4614101001;2;6;3,0;0,4;46141;Higueruelas
4614201001;1;2;2,0;0,1;46142;Jalance
4614301001;1;7;7,0;0,1;46143;Xeraco
4614301002;109;584;5,4;2,5;46143;Xeraco
4614301003;2;5;2,5;0,3;46143;Xeraco
4614401001;2;8;4,0;0,2;46144;Jarafuel
4614501002;11;33;3,0;1,1;46145;Xàtiva
4614501003;4;19;4,8;0,7;46145;Xàtiva
4614502001;4;14;3,5;0,6;46145;Xàtiva
4614502002;1;8;8,0;0,2;46145;Xàtiva
4614502003;2;12;6,0;0,6;46145;Xàtiva
4614503001;1;2;2,0;0,1;46145;Xàtiva
4614503002;2;6;3,0;0,4;46145;Xàtiva
4614503003;0;0;;0,0;46145;Xàtiva
4614503004;0;0;;0,0;46145;Xàtiva
4614503005;20;94;4,7;2,0;46145;Xàtiva
4614504001;1;6;6,0;0,1;46145;Xàtiva
4614504002;1;4;4,0;0,1;46145;Xàtiva
4614504003;0;0;;0,0;46145;Xàtiva
4614504004;0;0;;0,0;46145;Xàtiva
4614504005;1;3;3,0;0,2;46145;Xàtiva
4614504006;2;4;2,0;0,4;46145;Xàtiva
4614505001;1;4;4,0;0,1;46145;Xàtiva
4614505002;1;9;9,0;0,1;46145;Xàtiva
4614505003;5;16;3,2;0,8;46145;Xàtiva
4614505004;0;0;;0,0;46145;Xàtiva
4614601001;9;50;5,6;0,8;46146;Xeresa
4614701001;0;0;;0,0;46147;Llíria
4614701002;6;28;4,7;0,6;46147;Llíria
4614702001;0;0;;0,0;46147;Llíria
4614702002;0;0;;0,0;46147;Llíria
4614702003;2;3;1,5;0,2;46147;Llíria
4614702004;0;0;;0,0;46147;Llíria
4614702005;0;0;;0,0;46147;Llíria
4614702006;0;0;;0,0;46147;Llíria
4614702007;0;0;;0,0;46147;Llíria
4614702008;4;32;8,0;0,2;46147;Llíria
4614702009;1;2;2,0;0,2;46147;Llíria
4614702010;5;17;3,4;0,8;46147;Llíria
4614702011;0;0;;0,0;46147;Llíria
4614702012;10;57;5,7;1,0;46147;Llíria
4614702013;9;51;5,7;1,0;46147;Llíria
4614801001;4;13;3,3;0,4;46148;Loriguilla
4614901001;5;27;5,4;0,8;46149;Losa del Obispo
4615001001;0;0;;0,0;46150;Llutxent
4615001002;1;10;10,0;0,2;46150;Llutxent
4615001003;3;19;6,3;0,7;46150;Llutxent
4615101001;1;7;7,0;0,2;46151;Llocnou d'En Fenollet
4615201001;0;0;;0,0;46152;Llocnou de la Corona
4615301001;0;0;;0,0;46153;Llocnou de Sant Jeroni
4615401001;1;2;2,0;0,2;46154;Llanera de Ranes
4615501001;0;0;;0,0;46155;Llaurí
4615601001;0;0;;0,0;46156;Llombai
4615601002;1;11;11,0;0,2;46156;Llombai
4615701001;0;0;;0,0;46157;Llosa de Ranes, la
4615701002;0;0;;0,0;46157;Llosa de Ranes, la
4615801001;10;78;7,8;0,8;46158;Macastre
4615901001;0;0;;0,0;46159;Manises
4615901002;1;2;2,0;0,2;46159;Manises
4615901003;0;0;;0,0;46159;Manises
4615901004;3;9;3,0;0,3;46159;Manises
4615902001;1;1;1,0;0,2;46159;Manises
4615902002;0;0;;0,0;46159;Manises
4615902003;1;1;1,0;0,2;46159;Manises
4615902004;3;12;4,0;0,3;46159;Manises
4615902005;0;0;;0,0;46159;Manises
4615902006;0;0;;0,0;46159;Manises
4615902007;0;0;;0,0;46159;Manises
4615902008;0;0;;0,0;46159;Manises
4615903001;0;0;;0,0;46159;Manises
4615903002;2;3;1,5;0,4;46159;Manises
4615903003;1;2;2,0;0,1;46159;Manises
4615903004;0;0;;0,0;46159;Manises
4615903005;1;6;6,0;0,1;46159;Manises
4615903006;2;12;6,0;0,3;46159;Manises
4615903007;0;0;;0,0;46159;Manises
4615903008;2;3;1,5;0,2;46159;Manises
4615903009;1;4;4,0;0,1;46159;Manises
4616001001;0;0;;0,0;46160;Manuel
4616001002;1;1;1,0;0,2;46160;Manuel
4616101001;2;8;4,0;0,2;46161;Marines
4616201001;0;0;;0,0;46162;Massalavés
4616301001;3;12;4,0;0,2;46163;Massalfassar
4616401001;2;6;3,0;0,1;46164;Massamagrell
4616401002;1;4;4,0;0,1;46164;Massamagrell
4616401003;0;0;;0,0;46164;Massamagrell
4616401004;3;8;2,7;0,4;46164;Massamagrell
4616401005;1;1;1,0;0,1;46164;Massamagrell
4616401006;13;70;5,4;1,1;46164;Massamagrell
4616401007;1;3;3,0;0,1;46164;Massamagrell
4616401008;1;1;1,0;0,1;46164;Massamagrell
4616501001;0;0;;0,0;46165;Massanassa
4616501002;0;0;;0,0;46165;Massanassa
4616501003;1;6;6,0;0,2;46165;Massanassa
4616501004;0;0;;0,0;46165;Massanassa
4616501005;0;0;;0,0;46165;Massanassa
4616501006;0;0;;0,0;46165;Massanassa
4616501007;1;6;6,0;0,2;46165;Massanassa
4616601001;1;2;2,0;0,1;46166;Meliana
4616601002;1;2;2,0;0,1;46166;Meliana
4616601003;1;1;1,0;0,1;46166;Meliana
4616601004;8;38;4,8;0,6;46166;Meliana
4616601005;0;0;;0,0;46166;Meliana
4616601006;0;0;;0,0;46166;Meliana
4616701001;0;0;;0,0;46167;Millares
4616801001;2;14;7,0;0,2;46168;Miramar
4616801002;52;290;5,6;1,4;46168;Miramar
4616901001;5;21;4,2;0,8;46169;Mislata
4616901002;3;12;4,0;0,3;46169;Mislata
4616901003;4;15;3,8;0,4;46169;Mislata
4616901004;3;8;2,7;0,3;46169;Mislata
4616901005;0;0;;0,0;46169;Mislata
4616901006;1;5;5,0;0,1;46169;Mislata
4616901007;0;0;;0,0;46169;Mislata
4616901008;0;0;;0,0;46169;Mislata
4616901009;4;17;4,3;0,5;46169;Mislata
4616901010;2;2;1,0;0,4;46169;Mislata
4616901011;1;1;1,0;0,1;46169;Mislata
4616901012;1;2;2,0;0,2;46169;Mislata
4616901013;0;0;;0,0;46169;Mislata
4616901014;1;1;1,0;0,2;46169;Mislata
4616901015;3;16;5,3;0,6;46169;Mislata
4616901016;0;0;;0,0;46169;Mislata
4616901017;0;0;;0,0;46169;Mislata
4616901018;0;0;;0,0;46169;Mislata
4616901019;1;2;2,0;0,1;46169;Mislata
4616901020;0;0;;0,0;46169;Mislata
4616901021;1;2;2,0;0,1;46169;Mislata
4616901022;0;0;;0,0;46169;Mislata
4616901023;0;0;;0,0;46169;Mislata
4616901024;0;0;;0,0;46169;Mislata
4616901025;1;5;5,0;0,3;46169;Mislata
4616901026;10;27;2,7;1,7;46169;Mislata
4616901027;0;0;;0,0;46169;Mislata
4616901028;0;0;;0,0;46169;Mislata
4616901029;1;7;7,0;0,2;46169;Mislata
4616901030;0;0;;0,0;46169;Mislata
4616901031;2;3;1,5;0,3;46169;Mislata
4616901032;0;0;;0,0;46169;Mislata
4617001001;2;12;6,0;0,3;46170;Mogente/Moixent
4617001002;1;8;8,0;0,2;46170;Mogente/Moixent
4617001003;9;59;6,6;1,1;46170;Mogente/Moixent
4617001004;0;0;;0,0;46170;Mogente/Moixent
4617101001;0;0;;0,0;46171;Moncada
4617101002;0;0;;0,0;46171;Moncada
4617101003;0;0;;0,0;46171;Moncada
4617101004;3;11;3,7;0,4;46171;Moncada
4617101005;0;0;;0,0;46171;Moncada
4617101006;0;0;;0,0;46171;Moncada
4617101007;0;0;;0,0;46171;Moncada
4617102001;2;5;2,5;0,3;46171;Moncada
4617102002;0;0;;0,0;46171;Moncada
4617102003;0;0;;0,0;46171;Moncada
4617102004;3;10;3,3;0,4;46171;Moncada
4617102005;0;0;;0,0;46171;Moncada
4617102006;0;0;;0,0;46171;Moncada
4617102007;0;0;;0,0;46171;Moncada
4617102008;0;0;;0,0;46171;Moncada
4617102009;1;6;6,0;0,3;46171;Moncada
4617102010;6;23;3,8;0,9;46171;Moncada
4617201001;8;44;5,5;0,4;46172;Montserrat
4617201002;2;14;7,0;0,2;46172;Montserrat
4617201003;12;62;5,2;0,3;46172;Montserrat
4617301001;3;14;4,7;0,3;46173;Montaverner
4617401001;5;24;4,8;0,7;46174;Montesa
4617501001;2;20;10,0;0,6;46175;Montitxelvo/Montichelvo
4617601001;13;81;6,2;0,8;46176;Montroy
4617701001;0;0;;0,0;46177;Museros
4617701002;0;0;;0,0;46177;Museros
4617701003;2;10;5,0;0,1;46177;Museros
4617801001;9;45;5,0;0,4;46178;Náquera
4617801002;12;81;6,8;0,3;46178;Náquera
4617801003;15;91;6,1;3,1;46178;Náquera
4617901001;0;0;;0,0;46179;Navarrés
4617901002;12;83;6,9;1,2;46179;Navarrés
4618001001;0;0;;0,0;46180;Novelé/Novetlè
4618101001;1;4;4,0;0,1;46181;Oliva
4618101002;0;0;;0,0;46181;Oliva
4618101003;3;20;6,7;0,3;46181;Oliva
4618101004;7;35;5,0;1,3;46181;Oliva
4618101005;411;2209;5,4;11,8;46181;Oliva
4618101006;164;938;5,7;3,8;46181;Oliva
4618102001;9;38;4,2;1,0;46181;Oliva
4618102002;3;11;3,7;0,5;46181;Oliva
4618102003;2;14;7,0;0,3;46181;Oliva
4618102004;44;244;5,5;4,5;46181;Oliva
4618102005;6;38;6,3;1,2;46181;Oliva
4618102006;1;6;6,0;0,1;46181;Oliva
4618102007;2;10;5,0;0,2;46181;Oliva
4618103001;8;39;4,9;0,9;46181;Oliva
4618104001;7;38;5,4;0,8;46181;Oliva
4618104002;19;116;6,1;3,2;46181;Oliva
4618201001;15;167;11,1;0,6;46182;Olocau
4618301001;0;0;;0,0;46183;Olleria, l'
4618301002;1;3;3,0;0,2;46183;Olleria, l'
4618301003;0;0;;0,0;46183;Olleria, l'
4618301004;5;26;5,2;0,6;46183;Olleria, l'
4618301005;0;0;;0,0;46183;Olleria, l'
4618401001;1;2;2,0;0,2;46184;Ontinyent
4618401002;2;6;3,0;0,2;46184;Ontinyent
4618401003;2;9;4,5;0,2;46184;Ontinyent
4618401004;0;0;;0,0;46184;Ontinyent
4618401005;1;1;1,0;0,1;46184;Ontinyent
4618401006;0;0;;0,0;46184;Ontinyent
4618401007;0;0;;0,0;46184;Ontinyent
4618401008;0;0;;0,0;46184;Ontinyent
4618402001;0;0;;0,0;46184;Ontinyent
4618402003;0;0;;0,0;46184;Ontinyent
4618402005;4;23;5,8;1,4;46184;Ontinyent
4618402006;5;39;7,8;1,1;46184;Ontinyent
4618402007;5;26;5,2;1,4;46184;Ontinyent
4618402008;0;0;;0,0;46184;Ontinyent
4618403001;0;0;;0,0;46184;Ontinyent
4618403002;0;0;;0,0;46184;Ontinyent
4618403003;0;0;;0,0;46184;Ontinyent
4618403004;0;0;;0,0;46184;Ontinyent
4618403005;0;0;;0,0;46184;Ontinyent
4618403006;0;0;;0,0;46184;Ontinyent
4618403007;0;0;;0,0;46184;Ontinyent
4618403008;1;5;5,0;0,1;46184;Ontinyent
4618403009;2;13;6,5;0,3;46184;Ontinyent
4618403010;0;0;;0,0;46184;Ontinyent
4618403011;0;0;;0,0;46184;Ontinyent
4618403012;0;0;;0,0;46184;Ontinyent
4618403013;1;2;2,0;0,2;46184;Ontinyent
4618501001;0;0;;0,0;46185;Otos
4618601001;1;4;4,0;0,1;46186;Paiporta
4618601002;3;9;3,0;0,3;46186;Paiporta
4618601003;1;5;5,0;0,1;46186;Paiporta
4618601004;1;5;5,0;0,1;46186;Paiporta
4618601005;2;6;3,0;0,2;46186;Paiporta
4618601006;0;0;;0,0;46186;Paiporta
4618601007;0;0;;0,0;46186;Paiporta
4618601008;0;0;;0,0;46186;Paiporta
4618601009;2;4;2,0;0,2;46186;Paiporta
4618601010;1;6;6,0;0,1;46186;Paiporta
4618601011;0;0;;0,0;46186;Paiporta
4618601012;0;0;;0,0;46186;Paiporta
4618601013;0;0;;0,0;46186;Paiporta
4618601014;1;6;6,0;0,2;46186;Paiporta
4618701001;18;129;7,2;1,4;46187;Palma de Gandía
4618801001;2;6;3,0;0,4;46188;Palmera
4618901001;1;4;4,0;0,3;46189;Palomar, el
4619001001;3;14;4,7;0,5;46190;Paterna
4619001002;2;12;6,0;0,3;46190;Paterna
4619001003;4;13;3,3;0,8;46190;Paterna
4619001004;0;0;;0,0;46190;Paterna
4619001005;0;0;;0,0;46190;Paterna
4619001006;0;0;;0,0;46190;Paterna
4619001007;0;0;;0,0;46190;Paterna
4619001008;0;0;;0,0;46190;Paterna
4619001009;0;0;;0,0;46190;Paterna
4619001010;2;3;1,5;0,3;46190;Paterna
4619001011;2;3;1,5;0,3;46190;Paterna
4619001012;2;6;3,0;0,3;46190;Paterna
4619001013;0;0;;0,0;46190;Paterna
4619001014;0;0;;0,0;46190;Paterna
4619001015;0;0;;0,0;46190;Paterna
4619001016;1;6;6,0;0,1;46190;Paterna
4619001017;1;2;2,0;0,1;46190;Paterna
4619001018;2;6;3,0;0,3;46190;Paterna
4619001019;1;4;4,0;0,1;46190;Paterna
4619001020;1;2;2,0;0,3;46190;Paterna
4619001021;2;7;3,5;0,3;46190;Paterna
4619001022;0;0;;0,0;46190;Paterna
4619001023;0;0;;0,0;46190;Paterna
4619001024;1;1;1,0;0,1;46190;Paterna
4619001025;2;12;6,0;0,3;46190;Paterna
4619001026;1;2;2,0;0,3;46190;Paterna
4619001027;1;3;3,0;0,4;46190;Paterna
4619001028;3;26;8,7;0,4;46190;Paterna
4619001030;8;26;3,3;0,4;46190;Paterna
4619001031;0;0;;0,0;46190;Paterna
4619001032;2;3;1,5;0,1;46190;Paterna
4619001033;2;6;3,0;0,1;46190;Paterna
4619001034;3;18;6,0;0,4;46190;Paterna
4619001035;4;25;6,3;0,7;46190;Paterna
4619001036;1;1;1,0;0,1;46190;Paterna
4619001037;2;13;6,5;0,2;46190;Paterna
4619001038;0;0;;0,0;46190;Paterna
4619001039;5;14;2,8;0,4;46190;Paterna
4619001040;6;21;3,5;0,6;46190;Paterna
4619001041;3;6;2,0;0,4;46190;Paterna
4619001042;0;0;;0,0;46190;Paterna
4619001043;3;11;3,7;0,2;46190;Paterna
4619001044;2;3;1,5;0,3;46190;Paterna
4619001045;5;18;3,6;;46190;Paterna
4619001046;0;0;;;46190;Paterna
4619001047;0;0;;0,0;46190;Paterna
4619001048;3;9;3,0;;46190;Paterna
4619101001;10;53;5,3;0,4;46191;Pedralba
4619201001;1;6;6,0;0,2;46192;Petrés
4619301001;0;0;;0,0;46193;Picanya
4619301002;1;1;1,0;0,2;46193;Picanya
4619301003;2;10;5,0;0,4;46193;Picanya
4619301004;0;0;;0,0;46193;Picanya
4619301005;0;0;;0,0;46193;Picanya
4619301006;3;6;2,0;0,4;46193;Picanya
4619301007;0;0;;0,0;46193;Picanya
4619401001;0;0;;0,0;46194;Picassent
4619401002;0;0;;0,0;46194;Picassent
4619401003;1;2;2,0;0,1;46194;Picassent
4619401004;2;21;10,5;0,4;46194;Picassent
4619401005;2;15;7,5;0,4;46194;Picassent
4619401006;2;3;1,5;0,4;46194;Picassent
4619401007;3;13;4,3;0,4;46194;Picassent
4619401008;8;36;4,5;0,7;46194;Picassent
4619401009;0;0;;0,0;46194;Picassent
4619401010;0;0;;0,0;46194;Picassent
4619401011;0;0;;0,0;46194;Picassent
4619401012;1;2;2,0;0,1;46194;Picassent
4619401013;3;28;9,3;0,2;46194;Picassent
4619401014;2;3;1,5;0,3;46194;Picassent
4619501001;62;327;5,3;1,9;46195;Piles
4619601001;2;14;7,0;1,6;46196;Pinet
4619701001;3;16;5,3;0,2;46197;Polinyà de Xúquer
4619801001;2;4;2,0;0,3;46198;Potríes
4619901001;0;0;;0,0;46199;Pobla de Farnals, la
4619901002;3;12;4,0;0,4;46199;Pobla de Farnals, la
4619901003;4;32;8,0;0,4;46199;Pobla de Farnals, la
4619901004;46;235;5,1;1,3;46199;Pobla de Farnals, la
4619901005;30;138;4,6;1,6;46199;Pobla de Farnals, la
4620001001;0;0;;0,0;46200;Pobla del Duc, la
4620001002;1;8;8,0;0,1;46200;Pobla del Duc, la
4620101001;3;17;5,7;1,7;46201;Puebla de San Miguel
4620201001;1;4;4,0;0,1;46202;Pobla de Vallbona, la
4620201002;4;14;3,5;0,3;46202;Pobla de Vallbona, la
4620201003;1;2;2,0;0,1;46202;Pobla de Vallbona, la
4620201004;0;0;;0,0;46202;Pobla de Vallbona, la
4620201005;3;16;5,3;0,3;46202;Pobla de Vallbona, la
4620201006;10;61;6,1;0,9;46202;Pobla de Vallbona, la
4620201007;2;7;3,5;0,2;46202;Pobla de Vallbona, la
4620201008;6;46;7,7;0,6;46202;Pobla de Vallbona, la
4620201009;0;0;;0,0;46202;Pobla de Vallbona, la
4620201010;2;11;5,5;0,2;46202;Pobla de Vallbona, la
4620301001;0;0;;0,0;46203;Pobla Llarga, la
4620301002;0;0;;0,0;46203;Pobla Llarga, la
4620301003;3;18;6,0;0,5;46203;Pobla Llarga, la
4620401001;9;50;5,6;0,8;46204;Puig
4620401002;1;14;14,0;0,1;46204;Puig
4620402001;1;3;3,0;0,1;46204;Puig
4620402002;51;250;4,9;1,5;46204;Puig
4620501001;1;2;2,0;0,1;46205;Puçol
4620501002;4;18;4,5;0,6;46205;Puçol
4620501003;0;0;;0,0;46205;Puçol
4620501004;2;7;3,5;0,3;46205;Puçol
4620501005;3;5;1,7;0,3;46205;Puçol
4620501006;1;1;1,0;0,1;46205;Puçol
4620501007;3;15;5,0;0,4;46205;Puçol
4620501008;1;2;2,0;0,2;46205;Puçol
4620501009;11;91;8,3;1,0;46205;Puçol
4620501010;0;0;;0,0;46205;Puçol
4620501011;3;7;2,3;0,6;46205;Puçol
4620501012;19;99;5,2;3,4;46205;Puçol
4620601001;2;14;7,0;0,3;46206;Quesa
4620701001;2;2;1,0;0,2;46207;Rafelbuñol/Rafelbunyol
4620701002;0;0;;0,0;46207;Rafelbuñol/Rafelbunyol
4620701003;1;2;2,0;0,1;46207;Rafelbuñol/Rafelbunyol
4620701004;0;0;;0,0;46207;Rafelbuñol/Rafelbunyol
4620801001;2;13;6,5;0,2;46208;Rafelcofer
4620901001;0;0;;0,0;46209;Rafelguaraf
4620901002;1;5;5,0;0,2;46209;Rafelguaraf
4621001001;1;6;6,0;0,3;46210;Ráfol de Salem
4621101001;16;130;8,1;1,5;46211;Real de Gandía
4621201001;2;14;7,0;0,1;46212;Real
4621301001;2;10;5,0;0,1;46213;Requena
4621301002;5;20;4,0;0,3;46213;Requena
4621301003;0;0;;0,0;46213;Requena
4621302002;4;37;9,3;0,3;46213;Requena
4621302003;0;0;;0,0;46213;Requena
4621302004;0;0;;0,0;46213;Requena
4621302005;2;13;6,5;0,2;46213;Requena
4621302006;0;0;;0,0;46213;Requena
4621302007;3;14;4,7;0,2;46213;Requena
4621303001;5;24;4,8;0,5;46213;Requena
4621303002;0;0;;0,0;46213;Requena
4621303003;3;19;6,3;0,4;46213;Requena
4621304001;2;13;6,5;0,2;46213;Requena
4621401001;3;15;5,0;0,3;46214;Riba-roja de Túria
4621401002;0;0;;0,0;46214;Riba-roja de Túria
4621402001;2;5;2,5;0,2;46214;Riba-roja de Túria
4621402002;1;1;1,0;0,1;46214;Riba-roja de Túria
4621402003;1;2;2,0;0,1;46214;Riba-roja de Túria
4621402004;9;65;7,2;0,6;46214;Riba-roja de Túria
4621402005;1;2;2,0;0,1;46214;Riba-roja de Túria
4621403001;0;0;;0,0;46214;Riba-roja de Túria
4621403002;7;44;6,3;0,6;46214;Riba-roja de Túria
4621403003;5;24;4,8;0,6;46214;Riba-roja de Túria
4621403004;6;45;7,5;0,7;46214;Riba-roja de Túria
4621501001;0;0;;0,0;46215;Riola
4621601001;0;0;;0,0;46216;Rocafort
4621601002;8;27;3,4;0,6;46216;Rocafort
4621601003;1;5;5,0;0,1;46216;Rocafort
4621701001;1;4;4,0;0,1;46217;Rotglà i Corberà
4621801001;3;26;8,7;0,4;46218;Rótova
4621901001;1;4;4,0;0,8;46219;Rugat
4622001001;3;3;1,0;0,5;46220;Sagunto/Sagunt
4622001002;0;0;;0,0;46220;Sagunto/Sagunt
4622001003;1;6;6,0;0,1;46220;Sagunto/Sagunt
4622001004;0;0;;0,0;46220;Sagunto/Sagunt
4622001005;3;11;3,7;0,5;46220;Sagunto/Sagunt
4622001006;0;0;;0,0;46220;Sagunto/Sagunt
4622002002;8;39;4,9;0,8;46220;Sagunto/Sagunt
4622002003;5;14;2,8;0,6;46220;Sagunto/Sagunt
4622002004;5;30;6,0;0,5;46220;Sagunto/Sagunt
4622003001;1;4;4,0;0,2;46220;Sagunto/Sagunt
4622003002;5;17;3,4;0,7;46220;Sagunto/Sagunt
4622003003;0;0;;0,0;46220;Sagunto/Sagunt
4622003004;2;9;4,5;0,2;46220;Sagunto/Sagunt
4622003005;1;7;7,0;0,1;46220;Sagunto/Sagunt
4622003006;38;239;6,3;4,6;46220;Sagunto/Sagunt
4622003007;0;0;;0,0;46220;Sagunto/Sagunt
4622003008;0;0;;0,0;46220;Sagunto/Sagunt
4622003009;85;498;5,9;3,6;46220;Sagunto/Sagunt
4622004001;0;0;;0,0;46220;Sagunto/Sagunt
4622004002;1;1;1,0;0,2;46220;Sagunto/Sagunt
4622004003;1;4;4,0;0,3;46220;Sagunto/Sagunt
4622004004;2;8;4,0;0,5;46220;Sagunto/Sagunt
4622004005;2;5;2,5;0,2;46220;Sagunto/Sagunt
4622004006;2;5;2,5;0,2;46220;Sagunto/Sagunt
4622004007;1;6;6,0;0,1;46220;Sagunto/Sagunt
4622004008;2;13;6,5;0,2;46220;Sagunto/Sagunt
4622004009;2;8;4,0;0,2;46220;Sagunto/Sagunt
4622004010;14;59;4,2;1,9;46220;Sagunto/Sagunt
4622004011;9;50;5,6;0,6;46220;Sagunto/Sagunt
4622004012;6;24;4,0;0,7;46220;Sagunto/Sagunt
4622004013;7;40;5,7;0,8;46220;Sagunto/Sagunt
4622004014;8;40;5,0;1,0;46220;Sagunto/Sagunt
4622004015;7;25;3,6;1,1;46220;Sagunto/Sagunt
4622004016;4;20;5,0;0,5;46220;Sagunto/Sagunt
4622004017;20;105;5,3;0,7;46220;Sagunto/Sagunt
4622004018;13;57;4,4;1,0;46220;Sagunto/Sagunt
4622004019;5;23;4,6;0,7;46220;Sagunto/Sagunt
4622004020;1;8;8,0;0,1;46220;Sagunto/Sagunt
4622004021;1;6;6,0;0,2;46220;Sagunto/Sagunt
4622004022;0;0;;0,0;46220;Sagunto/Sagunt
4622004023;4;23;5,8;0,7;46220;Sagunto/Sagunt
4622004024;2;10;5,0;0,2;46220;Sagunto/Sagunt
4622004025;1;3;3,0;0,1;46220;Sagunto/Sagunt
4622004026;1;2;2,0;0,2;46220;Sagunto/Sagunt
4622004027;9;44;4,9;1,2;46220;Sagunto/Sagunt
4622004028;1;8;8,0;0,1;46220;Sagunto/Sagunt
4622004029;8;41;5,1;0,9;46220;Sagunto/Sagunt
4622004030;3;10;3,3;0,4;46220;Sagunto/Sagunt
4622004031;0;0;;0,0;46220;Sagunto/Sagunt
4622101001;1;8;8,0;0,4;46221;Salem
4622201001;0;0;;0,0;46222;Sant Joanet
4622301001;0;0;;0,0;46223;Sedaví
4622301002;3;11;3,7;0,3;46223;Sedaví
4622301003;2;10;5,0;0,3;46223;Sedaví
4622301004;5;10;2,0;0,4;46223;Sedaví
4622301005;0;0;;0,0;46223;Sedaví
4622301006;0;0;;0,0;46223;Sedaví
4622401001;0;0;;0,0;46224;Segart
4622501001;1;4;4,0;0,4;46225;Sellent
4622601001;0;0;;;46226;Sempere
4622701001;0;0;;0,0;46227;Senyera
4622801001;4;19;4,8;0,2;46228;Serra
4622801002;3;28;9,3;0,4;46228;Serra
4622901001;11;46;4,2;0,5;46229;Siete Aguas
4623001001;0;0;;0,0;46230;Silla
4623001002;0;0;;0,0;46230;Silla
4623001003;0;0;;0,0;46230;Silla
4623001004;0;0;;0,0;46230;Silla
4623001005;0;0;;0,0;46230;Silla
4623001006;0;0;;0,0;46230;Silla
4623001007;0;0;;0,0;46230;Silla
4623001008;2;6;3,0;0,2;46230;Silla
4623001009;0;0;;0,0;46230;Silla
4623001010;0;0;;0,0;46230;Silla
4623001011;1;3;3,0;0,1;46230;Silla
4623001012;0;0;;0,0;46230;Silla
4623001013;1;2;2,0;0,2;46230;Silla
4623101001;1;12;12,0;0,1;46231;Simat de la Valldigna
4623101002;8;57;7,1;0,8;46231;Simat de la Valldigna
4623201001;0;0;;0,0;46232;Sinarcas
4623301001;0;0;;0,0;46233;Sollana
4623301002;2;6;3,0;0,2;46233;Sollana
4623301003;0;0;;0,0;46233;Sollana
4623401001;0;0;;0,0;46234;Sot de Chera
4623501001;0;0;;0,0;46235;Sueca
4623501002;0;0;;0,0;46235;Sueca
4623501003;0;0;;0,0;46235;Sueca
4623501004;62;364;5,9;0,8;46235;Sueca
4623502001;1;2;2,0;0,2;46235;Sueca
4623502002;0;0;;0,0;46235;Sueca
4623502003;1;6;6,0;0,1;46235;Sueca
4623502004;55;313;5,7;1,0;46235;Sueca
4623503001;0;0;;0,0;46235;Sueca
4623503002;0;0;;0,0;46235;Sueca
4623503003;0;0;;0,0;46235;Sueca
4623503004;1;6;6,0;0,1;46235;Sueca
4623504001;1;4;4,0;0,1;46235;Sueca
4623504002;0;0;;0,0;46235;Sueca
4623504003;1;4;4,0;0,1;46235;Sueca
4623504004;0;0;;0,0;46235;Sueca
4623601001;3;26;8,7;0,4;46236;Sumacàrcer
4623701001;1;1;1,0;0,2;46237;Tavernes Blanques
4623701002;2;3;1,5;0,7;46237;Tavernes Blanques
4623701003;0;0;;0,0;46237;Tavernes Blanques
4623701004;0;0;;0,0;46237;Tavernes Blanques
4623701005;1;2;2,0;0,2;46237;Tavernes Blanques
4623701006;0;0;;0,0;46237;Tavernes Blanques
4623701007;2;6;3,0;0,3;46237;Tavernes Blanques
4623701008;0;0;;0,0;46237;Tavernes Blanques
4623701009;1;2;2,0;0,3;46237;Tavernes Blanques
4623801001;0;0;;0,0;46238;Tavernes de la Valldigna
4623801002;1;5;5,0;0,2;46238;Tavernes de la Valldigna
4623801003;1;6;6,0;0,3;46238;Tavernes de la Valldigna
4623801004;0;0;;0,0;46238;Tavernes de la Valldigna
4623801005;0;0;;0,0;46238;Tavernes de la Valldigna
4623802001;1;7;7,0;0,1;46238;Tavernes de la Valldigna
4623802002;0;0;;0,0;46238;Tavernes de la Valldigna
4623802003;0;0;;0,0;46238;Tavernes de la Valldigna
4623803001;2;13;6,5;0,2;46238;Tavernes de la Valldigna
4623803002;20;109;5,5;1,7;46238;Tavernes de la Valldigna
4623803003;0;0;;0,0;46238;Tavernes de la Valldigna
4623803004;2;13;6,5;0,2;46238;Tavernes de la Valldigna
4623803005;1;4;4,0;0,1;46238;Tavernes de la Valldigna
4623803006;69;361;5,2;1,1;46238;Tavernes de la Valldigna
4623901001;3;14;4,7;0,4;46239;Teresa de Cofrentes
4624001001;0;0;;0,0;46240;Terrateig
4624101001;0;0;;0,0;46241;Titaguas
4624201001;0;0;;0,0;46242;Torrebaja
4624301001;0;0;;0,0;46243;Torrella
4624401001;1;1;1,0;0,2;46244;Torrent
4624401002;0;0;;0,0;46244;Torrent
4624401003;1;2;2,0;0,1;46244;Torrent
4624401004;0;0;;0,0;46244;Torrent
4624401005;1;7;7,0;0,2;46244;Torrent
4624401006;2;4;2,0;0,4;46244;Torrent
4624401007;0;0;;0,0;46244;Torrent
4624401008;1;8;8,0;0,2;46244;Torrent
4624401010;2;5;2,5;0,2;46244;Torrent
4624401011;2;4;2,0;0,2;46244;Torrent
4624401012;0;0;;0,0;46244;Torrent
4624401013;0;0;;0,0;46244;Torrent
4624401014;1;2;2,0;0,3;46244;Torrent
4624402001;0;0;;0,0;46244;Torrent
4624402002;0;0;;0,0;46244;Torrent
4624402004;2;3;1,5;0,4;46244;Torrent
4624402005;1;3;3,0;0,2;46244;Torrent
4624402006;1;1;1,0;0,1;46244;Torrent
4624402007;0;0;;0,0;46244;Torrent
4624403001;0;0;;0,0;46244;Torrent
4624403002;0;0;;0,0;46244;Torrent
4624403003;1;1;1,0;0,2;46244;Torrent
4624403004;1;1;1,0;0,1;46244;Torrent
4624403005;0;0;;0,0;46244;Torrent
4624403006;0;0;;0,0;46244;Torrent
4624403007;0;0;;0,0;46244;Torrent
4624403008;0;0;;0,0;46244;Torrent
4624403009;0;0;;0,0;46244;Torrent
4624403010;1;1;1,0;0,1;46244;Torrent
4624403011;0;0;;0,0;46244;Torrent
4624403012;1;1;1,0;0,3;46244;Torrent
4624403013;1;2;2,0;0,1;46244;Torrent
4624403014;0;0;;0,0;46244;Torrent
4624403015;0;0;;0,0;46244;Torrent
4624403016;2;3;1,5;0,3;46244;Torrent
4624403017;0;0;;0,0;46244;Torrent
4624403018;0;0;;0,0;46244;Torrent
4624403019;2;4;2,0;0,2;46244;Torrent
4624403020;0;0;;0,0;46244;Torrent
4624403021;0;0;;0,0;46244;Torrent
4624403023;0;0;;0,0;46244;Torrent
4624403024;0;0;;0,0;46244;Torrent
4624403025;1;2;2,0;0,1;46244;Torrent
4624403026;1;8;8,0;0,2;46244;Torrent
4624404001;2;15;7,5;0,4;46244;Torrent
4624404002;11;71;6,5;0,3;46244;Torrent
4624404003;2;12;6,0;0,3;46244;Torrent
4624404004;0;0;;0,0;46244;Torrent
4624404005;0;0;;0,0;46244;Torrent
4624404006;9;40;4,4;0,6;46244;Torrent
4624404007;0;0;;0,0;46244;Torrent
4624404008;0;0;;0,0;46244;Torrent
4624404009;1;7;7,0;0,0;46244;Torrent
4624501001;11;55;5,0;1,7;46245;Torres Torres
4624601001;1;6;6,0;0,1;46246;Tous
4624701001;2;10;5,0;0,2;46247;Tuéjar
4624801001;10;65;6,5;0,7;46248;Turís
4624801002;3;8;2,7;0,6;46248;Turís
4624802001;2;19;9,5;0,2;46248;Turís
4624802002;14;79;5,6;1,7;46248;Turís
4624901001;0;0;;0,0;46249;Utiel
4624901002;0;0;;0,0;46249;Utiel
4624902001;0;0;;0,0;46249;Utiel
4624902002;0;0;;0,0;46249;Utiel
4624902003;0;0;;0,0;46249;Utiel
4624903001;0;0;;0,0;46249;Utiel
4624903002;0;0;;0,0;46249;Utiel
4624903003;1;6;6,0;0,1;46249;Utiel
4624904002;1;8;8,0;0,1;46249;Utiel
4625001001;71;254;3,6;12,7;46250;Valencia
4625001002;77;278;3,6;7,9;46250;Valencia
4625001003;28;108;3,9;3,5;46250;Valencia
4625001005;31;155;5,0;4,0;46250;Valencia
4625001007;37;175;4,7;7,0;46250;Valencia
4625001008;28;100;3,6;3,2;46250;Valencia
4625001009;14;51;3,6;2,8;46250;Valencia
4625001010;64;245;3,8;11,5;46250;Valencia
4625001011;90;319;3,5;9,6;46250;Valencia
4625001012;35;137;3,9;5,2;46250;Valencia
4625001013;15;51;3,4;2,9;46250;Valencia
4625001014;43;151;3,5;4,9;46250;Valencia
4625001017;17;68;4,0;4,1;46250;Valencia
4625001018;26;141;5,4;4,1;46250;Valencia
4625001019;91;372;4,1;6,8;46250;Valencia
4625001022;32;117;3,7;3,6;46250;Valencia
4625001023;25;91;3,6;3,5;46250;Valencia
4625001024;103;406;3,9;18,6;46250;Valencia
4625001025;88;303;3,4;15,7;46250;Valencia
4625001026;106;516;4,9;9,0;46250;Valencia
4625001028;81;323;4,0;15,6;46250;Valencia
4625001030;30;126;4,2;6,7;46250;Valencia
4625001031;37;144;3,9;4,1;46250;Valencia
4625001032;59;224;3,8;5,8;46250;Valencia
4625001034;64;288;4,5;6,5;46250;Valencia
4625002001;13;60;4,6;2,5;46250;Valencia
4625002003;18;104;5,8;2,9;46250;Valencia
4625002004;10;29;2,9;1,3;46250;Valencia
4625002006;16;70;4,4;2,4;46250;Valencia
4625002008;25;85;3,4;3,0;46250;Valencia
4625002009;24;81;3,4;4,0;46250;Valencia
4625002010;7;22;3,1;1,6;46250;Valencia
4625002013;33;120;3,6;4,6;46250;Valencia
4625002014;13;55;4,2;2,9;46250;Valencia
4625002015;44;171;3,9;5,9;46250;Valencia
4625002016;47;193;4,1;4,8;46250;Valencia
4625002018;17;52;3,1;4,4;46250;Valencia
4625002019;35;120;3,4;4,8;46250;Valencia
4625002020;9;30;3,3;2,0;46250;Valencia
4625002021;13;34;2,6;3,4;46250;Valencia
4625002022;10;41;4,1;1,5;46250;Valencia
4625002023;8;30;3,8;1,2;46250;Valencia
4625002024;10;31;3,1;2,0;46250;Valencia
4625002025;12;41;3,4;2,6;46250;Valencia
4625002026;22;64;2,9;3,1;46250;Valencia
4625002030;25;109;4,4;5,1;46250;Valencia
4625002031;20;74;3,7;2,9;46250;Valencia
4625002032;22;86;3,9;4,6;46250;Valencia
4625002033;28;161;5,8;3,8;46250;Valencia
4625002035;17;68;4,0;4,2;46250;Valencia
4625002036;2;10;5,0;0,5;46250;Valencia
4625002037;8;26;3,3;1,1;46250;Valencia
4625002039;3;5;1,7;1,1;46250;Valencia
4625002040;4;16;4,0;0,9;46250;Valencia
4625002041;12;53;4,4;4,0;46250;Valencia
4625002042;7;18;2,6;1,2;46250;Valencia
4625002043;4;14;3,5;1,0;46250;Valencia
4625002044;8;31;3,9;1,7;46250;Valencia
4625002045;2;3;1,5;0,4;46250;Valencia
4625002046;6;25;4,2;1,8;46250;Valencia
4625002047;4;29;7,3;1,0;46250;Valencia
4625002050;10;35;3,5;2,0;46250;Valencia
4625002051;4;15;3,8;0,7;46250;Valencia
4625002053;8;21;2,6;1,7;46250;Valencia
4625002054;4;11;2,8;1,1;46250;Valencia
4625002055;3;7;2,3;0,5;46250;Valencia
4625002057;4;15;3,8;1,0;46250;Valencia
4625003001;2;2;1,0;0,5;46250;Valencia
4625003002;26;99;3,8;2,3;46250;Valencia
4625003004;33;118;3,6;2,6;46250;Valencia
4625003007;23;87;3,8;4,4;46250;Valencia
4625003008;25;79;3,2;3,5;46250;Valencia
4625003010;55;222;4,0;4,7;46250;Valencia
4625003013;19;70;3,7;2,8;46250;Valencia
4625003014;9;33;3,7;2,0;46250;Valencia
4625003015;18;75;4,2;2,1;46250;Valencia
4625003017;14;44;3,1;1,3;46250;Valencia
4625003018;14;52;3,7;2,0;46250;Valencia
4625003019;8;18;2,3;1,2;46250;Valencia
4625003020;4;18;4,5;0,6;46250;Valencia
4625003021;11;31;2,8;1,1;46250;Valencia
4625003023;8;29;3,6;1,0;46250;Valencia
4625003025;3;15;5,0;0,5;46250;Valencia
4625003026;3;12;4,0;0,4;46250;Valencia
4625003027;2;11;5,5;0,8;46250;Valencia
4625003028;3;11;3,7;0,4;46250;Valencia
4625003029;4;15;3,8;0,6;46250;Valencia
4625003030;13;37;2,8;2,1;46250;Valencia
4625003032;5;14;2,8;1,1;46250;Valencia
4625003033;19;64;3,4;3,7;46250;Valencia
4625003034;5;21;4,2;0,8;46250;Valencia
4625003035;11;38;3,5;1,2;46250;Valencia
4625003036;14;64;4,6;1,8;46250;Valencia
4625003037;8;28;3,5;1,2;46250;Valencia
4625003038;3;12;4,0;0,9;46250;Valencia
4625003040;16;49;3,1;3,7;46250;Valencia
4625003041;16;44;2,8;1,4;46250;Valencia
4625003044;9;38;4,2;1,0;46250;Valencia
4625003046;9;41;4,6;2,4;46250;Valencia
4625003047;17;53;3,1;2,2;46250;Valencia
4625003048;13;53;4,1;1,4;46250;Valencia
4625003049;11;34;3,1;1,8;46250;Valencia
4625003050;3;8;2,7;0,4;46250;Valencia
4625003052;14;51;3,6;1,2;46250;Valencia
4625003053;10;44;4,4;1,9;46250;Valencia
4625003055;7;21;3,0;1,8;46250;Valencia
4625004001;22;88;4,0;2,8;46250;Valencia
4625004002;3;16;5,3;0,6;46250;Valencia
4625004003;3;8;2,7;0,4;46250;Valencia
4625004004;0;0;;0,0;46250;Valencia
4625004005;1;3;3,0;0,2;46250;Valencia
4625004006;2;7;3,5;0,3;46250;Valencia
4625004007;11;46;4,2;1,4;46250;Valencia
4625004008;7;33;4,7;1,2;46250;Valencia
4625004009;1;6;6,0;0,2;46250;Valencia
4625004010;3;7;2,3;0,6;46250;Valencia
4625004011;7;24;3,4;1,3;46250;Valencia
4625004012;4;14;3,5;0,4;46250;Valencia
4625004014;2;5;2,5;0,5;46250;Valencia
4625004015;0;0;;0,0;46250;Valencia
4625004016;2;5;2,5;0,3;46250;Valencia
4625004017;1;7;7,0;0,1;46250;Valencia
4625004018;8;24;3,0;0,5;46250;Valencia
4625004019;7;24;3,4;0,7;46250;Valencia
4625004020;3;10;3,3;0,5;46250;Valencia
4625004021;7;36;5,1;0,7;46250;Valencia
4625004022;4;13;3,3;0,8;46250;Valencia
4625004023;0;0;;0,0;46250;Valencia
4625004024;7;26;3,7;0,5;46250;Valencia
4625004025;11;35;3,2;0,9;46250;Valencia
4625004026;5;19;3,8;1,1;46250;Valencia
4625005001;7;22;3,1;1,1;46250;Valencia
4625005002;6;35;5,8;1,3;46250;Valencia
4625005003;13;41;3,2;2,6;46250;Valencia
4625005004;5;11;2,2;0,7;46250;Valencia
4625005005;3;14;4,7;0,5;46250;Valencia
4625005006;4;8;2,0;0,6;46250;Valencia
4625005007;6;18;3,0;1,1;46250;Valencia
4625005008;8;34;4,3;0,9;46250;Valencia
4625005009;3;11;3,7;0,7;46250;Valencia
4625005010;2;8;4,0;0,3;46250;Valencia
4625005011;22;89;4,0;2,7;46250;Valencia
4625005013;18;52;2,9;2,9;46250;Valencia
4625005014;8;34;4,3;1,6;46250;Valencia
4625005015;16;52;3,3;2,2;46250;Valencia
4625005016;8;26;3,3;1,3;46250;Valencia
4625005017;20;78;3,9;4,0;46250;Valencia
4625005018;4;13;3,3;0,8;46250;Valencia
4625005019;4;15;3,8;0,5;46250;Valencia
4625005021;10;35;3,5;0,8;46250;Valencia
4625005022;9;24;2,7;0,8;46250;Valencia
4625005025;14;42;3,0;3,1;46250;Valencia
4625005026;7;33;4,7;0,8;46250;Valencia
4625005027;4;7;1,8;0,4;46250;Valencia
4625005028;14;35;2,5;2,3;46250;Valencia
4625005029;8;32;4,0;1,4;46250;Valencia
4625005031;6;25;4,2;0,9;46250;Valencia
4625005033;6;27;4,5;0,7;46250;Valencia
4625005034;3;10;3,3;0,4;46250;Valencia
4625005036;6;20;3,3;1,0;46250;Valencia
4625005037;3;11;3,7;0,8;46250;Valencia
4625005038;4;7;1,8;0,6;46250;Valencia
4625005039;2;9;4,5;0,3;46250;Valencia
4625005040;5;19;3,8;0,6;46250;Valencia
4625005041;2;7;3,5;0,2;46250;Valencia
4625005042;5;10;2,0;0,7;46250;Valencia
4625005043;3;4;1,3;0,3;46250;Valencia
4625006001;0;0;;0,0;46250;Valencia
4625006002;7;19;2,7;1,0;46250;Valencia
4625006003;8;32;4,0;2,2;46250;Valencia
4625006004;2;12;6,0;0,5;46250;Valencia
4625006005;3;15;5,0;0,5;46250;Valencia
4625006006;1;2;2,0;0,2;46250;Valencia
4625006007;9;32;3,6;0,9;46250;Valencia
4625006008;21;95;4,5;2,0;46250;Valencia
4625006009;16;40;2,5;2,0;46250;Valencia
4625006011;8;12;1,5;1,7;46250;Valencia
4625006012;7;38;5,4;1,3;46250;Valencia
4625006013;3;8;2,7;0,5;46250;Valencia
4625006014;15;46;3,1;1,8;46250;Valencia
4625006015;13;54;4,2;1,2;46250;Valencia
4625006016;3;8;2,7;0,7;46250;Valencia
4625006017;2;6;3,0;0,4;46250;Valencia
4625006018;1;1;1,0;0,3;46250;Valencia
4625006019;7;22;3,1;1,3;46250;Valencia
4625006020;2;6;3,0;0,8;46250;Valencia
4625006021;2;6;3,0;0,4;46250;Valencia
4625006022;1;2;2,0;0,2;46250;Valencia
4625006023;5;16;3,2;0,8;46250;Valencia
4625006024;4;11;2,8;0,4;46250;Valencia
4625006026;11;42;3,8;1,2;46250;Valencia
4625006027;2;11;5,5;0,3;46250;Valencia
4625007001;8;32;4,0;1,1;46250;Valencia
4625007002;8;19;2,4;0,8;46250;Valencia
4625007003;8;19;2,4;1,0;46250;Valencia
4625007004;3;7;2,3;0,5;46250;Valencia
4625007005;4;13;3,3;0,7;46250;Valencia
4625007006;1;1;1,0;0,2;46250;Valencia
4625007007;6;21;3,5;1,0;46250;Valencia
4625007008;5;14;2,8;1,0;46250;Valencia
4625007009;15;50;3,3;2,3;46250;Valencia
4625007010;7;19;2,7;1,0;46250;Valencia
4625007012;7;25;3,6;1,1;46250;Valencia
4625007013;1;6;6,0;0,3;46250;Valencia
4625007014;2;8;4,0;0,4;46250;Valencia
4625007015;1;4;4,0;0,3;46250;Valencia
4625007016;1;5;5,0;0,1;46250;Valencia
4625007017;8;23;2,9;0,6;46250;Valencia
4625007018;9;29;3,2;1,1;46250;Valencia
4625007019;6;16;2,7;0,6;46250;Valencia
4625007020;9;33;3,7;0,9;46250;Valencia
4625007021;5;19;3,8;0,6;46250;Valencia
4625007022;7;26;3,7;0,8;46250;Valencia
4625007023;2;6;3,0;0,4;46250;Valencia
4625007024;2;7;3,5;0,3;46250;Valencia
4625007025;12;40;3,3;2,3;46250;Valencia
4625007026;1;6;6,0;0,2;46250;Valencia
4625007027;2;5;2,5;0,3;46250;Valencia
4625007029;2;11;5,5;0,2;46250;Valencia
4625007030;9;40;4,4;0,9;46250;Valencia
4625007031;4;18;4,5;0,7;46250;Valencia
4625007032;3;7;2,3;0,5;46250;Valencia
4625007036;1;1;1,0;0,1;46250;Valencia
4625007037;7;26;3,7;0,8;46250;Valencia
4625007039;0;0;;0,0;46250;Valencia
4625007040;11;41;3,7;2,0;46250;Valencia
4625007041;3;7;2,3;0,6;46250;Valencia
4625007042;2;7;3,5;0,2;46250;Valencia
4625008001;0;0;;0,0;46250;Valencia
4625008002;7;15;2,1;2,0;46250;Valencia
4625008003;4;11;2,8;0,9;46250;Valencia
4625008004;3;11;3,7;0,4;46250;Valencia
4625008005;1;5;5,0;0,2;46250;Valencia
4625008006;6;19;3,2;1,3;46250;Valencia
4625008007;4;14;3,5;1,0;46250;Valencia
4625008008;4;18;4,5;0,8;46250;Valencia
4625008009;3;5;1,7;0,8;46250;Valencia
4625008010;5;11;2,2;0,5;46250;Valencia
4625008012;3;6;2,0;0,5;46250;Valencia
4625008013;3;12;4,0;0,3;46250;Valencia
4625008014;3;7;2,3;0,3;46250;Valencia
4625008015;6;15;2,5;1,0;46250;Valencia
4625008016;5;18;3,6;0,9;46250;Valencia
4625008017;2;7;3,5;0,5;46250;Valencia
4625008018;6;14;2,3;0,6;46250;Valencia
4625008019;0;0;;0,0;46250;Valencia
4625008020;0;0;;0,0;46250;Valencia
4625008021;0;0;;0,0;46250;Valencia
4625008022;2;5;2,5;0,3;46250;Valencia
4625008023;0;0;;0,0;46250;Valencia
4625008024;18;74;4,1;3,6;46250;Valencia
4625008025;0;0;;0,0;46250;Valencia
4625008026;1;6;6,0;0,1;46250;Valencia
4625008027;4;15;3,8;0,7;46250;Valencia
4625008028;0;0;;0,0;46250;Valencia
4625008029;1;2;2,0;0,2;46250;Valencia
4625008030;1;2;2,0;0,2;46250;Valencia
4625008031;3;6;2,0;0,4;46250;Valencia
4625008032;2;5;2,5;0,2;46250;Valencia
4625008033;5;29;5,8;0,9;46250;Valencia
4625008034;0;0;;0,0;46250;Valencia
4625008035;0;0;;0,0;46250;Valencia
4625008036;1;1;1,0;0,2;46250;Valencia
4625008037;0;0;;0,0;46250;Valencia
4625008038;0;0;;0,0;46250;Valencia
4625008039;0;0;;0,0;46250;Valencia
4625008040;2;2;1,0;0,3;46250;Valencia
4625008041;2;4;2,0;0,4;46250;Valencia
4625008042;0;0;;0,0;46250;Valencia
4625009001;6;21;3,5;1,0;46250;Valencia
4625009002;3;11;3,7;0,5;46250;Valencia
4625009003;6;30;5,0;1,1;46250;Valencia
4625009004;13;61;4,7;3,7;46250;Valencia
4625009005;9;31;3,4;0,9;46250;Valencia
4625009007;1;2;2,0;0,2;46250;Valencia
4625009008;5;17;3,4;1,2;46250;Valencia
4625009009;3;13;4,3;0,3;46250;Valencia
4625009010;4;16;4,0;0,7;46250;Valencia
4625009012;2;6;3,0;0,3;46250;Valencia
4625009013;5;19;3,8;0,6;46250;Valencia
4625009015;2;10;5,0;0,4;46250;Valencia
4625009016;4;17;4,3;0,5;46250;Valencia
4625009017;0;0;;0,0;46250;Valencia
4625009018;1;2;2,0;0,1;46250;Valencia
4625009019;2;6;3,0;0,4;46250;Valencia
4625009020;1;3;3,0;0,2;46250;Valencia
4625009021;0;0;;0,0;46250;Valencia
4625009022;5;21;4,2;0,9;46250;Valencia
4625009023;3;4;1,3;0,6;46250;Valencia
4625009024;3;5;1,7;0,7;46250;Valencia
4625009025;6;22;3,7;0,8;46250;Valencia
4625009026;3;11;3,7;0,3;46250;Valencia
4625009028;3;5;1,7;0,4;46250;Valencia
4625009029;1;2;2,0;0,2;46250;Valencia
4625009030;4;16;4,0;0,4;46250;Valencia
4625009031;0;0;;0,0;46250;Valencia
4625009032;0;0;;0,0;46250;Valencia
4625009033;1;3;3,0;0,2;46250;Valencia
4625009034;0;0;;0,0;46250;Valencia
4625009035;0;0;;0,0;46250;Valencia
4625009036;0;0;;0,0;46250;Valencia
4625009037;0;0;;0,0;46250;Valencia
4625009038;8;17;2,1;0,8;46250;Valencia
4625009039;6;15;2,5;1,0;46250;Valencia
4625009040;0;0;;0,0;46250;Valencia
4625009041;10;43;4,3;1,5;46250;Valencia
4625009042;0;0;;0,0;46250;Valencia
4625010001;19;78;4,1;1,7;46250;Valencia
4625010002;12;47;3,9;1,5;46250;Valencia
4625010003;19;63;3,3;2,2;46250;Valencia
4625010004;9;31;3,4;1,5;46250;Valencia
4625010005;5;17;3,4;0,7;46250;Valencia
4625010006;10;41;4,1;1,2;46250;Valencia
4625010007;16;53;3,3;2,0;46250;Valencia
4625010008;8;27;3,4;0,9;46250;Valencia
4625010009;3;11;3,7;0,6;46250;Valencia
4625010010;8;30;3,8;1,6;46250;Valencia
4625010011;5;19;3,8;0,8;46250;Valencia
4625010012;3;10;3,3;0,6;46250;Valencia
4625010013;39;149;3,8;3,4;46250;Valencia
4625010014;6;19;3,2;1,1;46250;Valencia
4625010015;7;23;3,3;1,2;46250;Valencia
4625010016;13;43;3,3;1,6;46250;Valencia
4625010017;10;29;2,9;1,4;46250;Valencia
4625010018;11;51;4,6;1,4;46250;Valencia
4625010019;24;59;2,5;3,2;46250;Valencia
4625010021;11;25;2,3;1,4;46250;Valencia
4625010022;6;14;2,3;0,5;46250;Valencia
4625010023;0;0;;0,0;46250;Valencia
4625010024;3;10;3,3;0,3;46250;Valencia
4625010025;1;2;2,0;0,2;46250;Valencia
4625010026;5;12;2,4;0,6;46250;Valencia
4625010027;0;0;;0,0;46250;Valencia
4625010028;1;2;2,0;0,1;46250;Valencia
4625010029;0;0;;0,0;46250;Valencia
4625010030;6;16;2,7;1,3;46250;Valencia
4625010031;0;0;;0,0;46250;Valencia
4625010032;5;26;5,2;0,7;46250;Valencia
4625010033;0;0;;0,0;46250;Valencia
4625010034;2;16;8,0;0,4;46250;Valencia
4625010035;6;18;3,0;1,1;46250;Valencia
4625010036;12;34;2,8;2,8;46250;Valencia
4625010037;11;46;4,2;2,8;46250;Valencia
4625010039;1;4;4,0;0,1;46250;Valencia
4625010040;22;96;4,4;1,9;46250;Valencia
4625010041;12;31;2,6;2,3;46250;Valencia
4625010043;1;2;2,0;0,2;46250;Valencia
4625010044;2;7;3,5;0,4;46250;Valencia
4625010045;2;6;3,0;0,4;46250;Valencia
4625010046;3;4;1,3;0,5;46250;Valencia
4625010047;0;0;;0,0;46250;Valencia
4625010048;3;5;1,7;0,5;46250;Valencia
4625010049;0;0;;0,0;46250;Valencia
4625010050;5;16;3,2;0,8;46250;Valencia
4625010051;4;5;1,3;0,7;46250;Valencia
4625010052;6;27;4,5;0,6;46250;Valencia
4625010053;25;83;3,3;1,8;46250;Valencia
4625010054;15;63;4,2;1,6;46250;Valencia
4625011001;19;78;4,1;2,9;46250;Valencia
4625011002;27;88;3,3;3,4;46250;Valencia
4625011003;25;89;3,6;6,3;46250;Valencia
4625011004;21;88;4,2;3,5;46250;Valencia
4625011005;23;104;4,5;2,3;46250;Valencia
4625011006;35;135;3,9;6,2;46250;Valencia
4625011008;9;36;4,0;1,9;46250;Valencia
4625011009;26;100;3,8;2,7;46250;Valencia
4625011010;57;226;4,0;5,1;46250;Valencia
4625011011;46;208;4,5;4,5;46250;Valencia
4625011012;45;198;4,4;10,2;46250;Valencia
4625011013;39;218;5,6;7,8;46250;Valencia
4625011015;22;89;4,0;3,7;46250;Valencia
4625011017;32;124;3,9;5,4;46250;Valencia
4625011018;19;76;4,0;3,9;46250;Valencia
4625011019;49;273;5,6;5,6;46250;Valencia
4625011021;38;163;4,3;3,8;46250;Valencia
4625011022;58;228;3,9;7,7;46250;Valencia
4625011024;38;144;3,8;4,8;46250;Valencia
4625011026;9;42;4,7;1,9;46250;Valencia
4625011027;11;43;3,9;2,1;46250;Valencia
4625011028;9;36;4,0;2,8;46250;Valencia
4625011029;16;64;4,0;4,3;46250;Valencia
4625011030;31;138;4,5;3,6;46250;Valencia
4625011031;32;118;3,7;4,9;46250;Valencia
4625011032;11;42;3,8;3,3;46250;Valencia
4625011033;17;74;4,4;2,3;46250;Valencia
4625011034;21;92;4,4;2,4;46250;Valencia
4625011035;23;115;5,0;3,9;46250;Valencia
4625011036;11;33;3,0;2,7;46250;Valencia
4625011037;13;58;4,5;2,1;46250;Valencia
4625011038;64;359;5,6;8,1;46250;Valencia
4625011039;23;109;4,7;3,0;46250;Valencia
4625011040;14;41;2,9;2,3;46250;Valencia
4625011041;8;50;6,3;0,6;46250;Valencia
4625011042;21;92;4,4;3,1;46250;Valencia
4625011044;4;12;3,0;0,7;46250;Valencia
4625011045;7;21;3,0;2,1;46250;Valencia
4625011046;11;47;4,3;1,8;46250;Valencia
4625011047;7;19;2,7;0,6;46250;Valencia
4625011048;1;6;6,0;0,2;46250;Valencia
4625011050;12;58;4,8;1,8;46250;Valencia
4625011051;4;22;5,5;0,7;46250;Valencia
4625011052;5;22;4,4;0,5;46250;Valencia
4625011053;14;47;3,4;1,9;46250;Valencia
4625011054;7;14;2,0;1,6;46250;Valencia
4625012001;13;39;3,0;1,9;46250;Valencia
4625012002;4;8;2,0;0,7;46250;Valencia
4625012003;5;18;3,6;0,5;46250;Valencia
4625012005;5;17;3,4;1,3;46250;Valencia
4625012006;7;17;2,4;1,2;46250;Valencia
4625012008;12;29;2,4;2,0;46250;Valencia
4625012009;7;26;3,7;1,2;46250;Valencia
4625012010;25;95;3,8;3,8;46250;Valencia
4625012011;4;14;3,5;0,7;46250;Valencia
4625012012;16;54;3,4;1,8;46250;Valencia
4625012013;11;40;3,6;1,2;46250;Valencia
4625012014;12;39;3,3;1,7;46250;Valencia
4625012015;10;34;3,4;1,4;46250;Valencia
4625012016;21;87;4,1;3,0;46250;Valencia
4625012018;13;63;4,8;1,5;46250;Valencia
4625012019;8;21;2,6;1,0;46250;Valencia
4625012020;6;24;4,0;1,0;46250;Valencia
4625012021;14;53;3,8;4,1;46250;Valencia
4625012023;17;58;3,4;3,3;46250;Valencia
4625012024;2;8;4,0;0,2;46250;Valencia
4625012025;7;25;3,6;0,6;46250;Valencia
4625012026;3;12;4,0;0,4;46250;Valencia
4625012027;4;11;2,8;0,8;46250;Valencia
4625012028;14;59;4,2;1,4;46250;Valencia
4625012029;9;28;3,1;1,6;46250;Valencia
4625012030;11;41;3,7;1,6;46250;Valencia
4625012031;9;45;5,0;1,5;46250;Valencia
4625012032;15;63;4,2;3,4;46250;Valencia
4625012033;9;32;3,6;1,4;46250;Valencia
4625012034;7;32;4,6;1,1;46250;Valencia
4625012035;9;33;3,7;1,2;46250;Valencia
4625012036;13;39;3,0;1,0;46250;Valencia
4625012037;21;92;4,4;1,9;46250;Valencia
4625012038;7;26;3,7;0,9;46250;Valencia
4625012039;4;16;4,0;0,5;46250;Valencia
4625012040;13;37;2,8;1,8;46250;Valencia
4625012041;19;90;4,7;1,1;46250;Valencia
4625012042;24;103;4,3;1,8;46250;Valencia
4625012043;13;38;2,9;2,5;46250;Valencia
4625012044;11;39;3,5;1,6;46250;Valencia
4625012045;7;18;2,6;0,9;46250;Valencia
4625012046;8;32;4,0;;46250;Valencia
4625013001;3;4;1,3;0,4;46250;Valencia
4625013002;4;9;2,3;0,4;46250;Valencia
4625013003;2;14;7,0;0,5;46250;Valencia
4625013004;16;62;3,9;3,3;46250;Valencia
4625013005;6;20;3,3;0,8;46250;Valencia
4625013007;4;20;5,0;0,7;46250;Valencia
4625013008;16;52;3,3;1,8;46250;Valencia
4625013009;8;28;3,5;1,9;46250;Valencia
4625013010;5;23;4,6;0,8;46250;Valencia
4625013011;9;28;3,1;1,9;46250;Valencia
4625013012;11;52;4,7;0,9;46250;Valencia
4625013013;5;21;4,2;0,7;46250;Valencia
4625013014;10;31;3,1;0,8;46250;Valencia
4625013015;9;25;2,8;1,1;46250;Valencia
4625013016;7;42;6,0;0,8;46250;Valencia
4625013017;7;21;3,0;0,8;46250;Valencia
4625013019;12;26;2,2;2,0;46250;Valencia
4625013020;3;8;2,7;0,6;46250;Valencia
4625013021;11;41;3,7;1,6;46250;Valencia
4625013022;3;6;2,0;0,4;46250;Valencia
4625013023;9;31;3,4;0,8;46250;Valencia
4625013024;8;27;3,4;0,6;46250;Valencia
4625013025;21;67;3,2;2,0;46250;Valencia
4625013026;0;0;;0,0;46250;Valencia
4625013027;11;42;3,8;0,9;46250;Valencia
4625013028;5;14;2,8;0,5;46250;Valencia
4625013029;11;39;3,5;2,2;46250;Valencia
4625013030;2;6;3,0;0,4;46250;Valencia
4625014001;4;10;2,5;0,4;46250;Valencia
4625014002;3;12;4,0;0,3;46250;Valencia
4625014003;4;13;3,3;0,7;46250;Valencia
4625014004;3;12;4,0;0,4;46250;Valencia
4625014005;8;19;2,4;1,4;46250;Valencia
4625014006;10;26;2,6;1,4;46250;Valencia
4625014007;7;13;1,9;1,0;46250;Valencia
4625014008;4;10;2,5;0,6;46250;Valencia
4625014009;3;11;3,7;0,4;46250;Valencia
4625014010;8;17;2,1;1,8;46250;Valencia
4625014011;4;5;1,3;0,7;46250;Valencia
4625014012;16;52;3,3;2,0;46250;Valencia
4625014013;4;17;4,3;0,4;46250;Valencia
4625014014;7;33;4,7;1,0;46250;Valencia
4625014015;1;1;1,0;0,1;46250;Valencia
4625014016;8;38;4,8;1,9;46250;Valencia
4625014018;3;15;5,0;0,4;46250;Valencia
4625014019;6;17;2,8;0,7;46250;Valencia
4625014020;5;19;3,8;0,5;46250;Valencia
4625014021;0;0;;0,0;46250;Valencia
4625014022;2;8;4,0;0,4;46250;Valencia
4625014023;6;20;3,3;0,9;46250;Valencia
4625014024;0;0;;0,0;46250;Valencia
4625015001;3;13;4,3;0,5;46250;Valencia
4625015002;1;5;5,0;0,2;46250;Valencia
4625015003;4;15;3,8;0,8;46250;Valencia
4625015004;4;20;5,0;0,7;46250;Valencia
4625015005;3;6;2,0;0,5;46250;Valencia
4625015006;5;25;5,0;0,9;46250;Valencia
4625015007;2;14;7,0;0,3;46250;Valencia
4625015008;1;2;2,0;0,2;46250;Valencia
4625015010;2;5;2,5;0,5;46250;Valencia
4625015011;2;8;4,0;0,5;46250;Valencia
4625015012;8;27;3,4;1,4;46250;Valencia
4625015013;3;5;1,7;0,6;46250;Valencia
4625015014;3;7;2,3;0,3;46250;Valencia
4625015015;3;5;1,7;0,4;46250;Valencia
4625015016;3;11;3,7;0,5;46250;Valencia
4625015017;3;7;2,3;0,5;46250;Valencia
4625015018;7;24;3,4;0,7;46250;Valencia
4625015019;0;0;;0,0;46250;Valencia
4625015020;1;2;2,0;0,2;46250;Valencia
4625015021;4;12;3,0;0,5;46250;Valencia
4625015022;1;1;1,0;0,2;46250;Valencia
4625015023;0;0;;0,0;46250;Valencia
4625015024;2;6;3,0;0,2;46250;Valencia
4625015025;3;9;3,0;0,6;46250;Valencia
4625015026;5;14;2,8;0,6;46250;Valencia
4625015027;6;19;3,2;1,1;46250;Valencia
4625015028;1;1;1,0;0,1;46250;Valencia
4625015029;4;7;1,8;0,9;46250;Valencia
4625015030;0;0;;0,0;46250;Valencia
4625015031;3;5;1,7;0,8;46250;Valencia
4625015032;1;2;2,0;0,4;46250;Valencia
4625015033;5;11;2,2;0,4;46250;Valencia
4625015034;7;28;4,0;0,9;46250;Valencia
4625015035;3;7;2,3;0,3;46250;Valencia
4625015036;0;0;;0,0;46250;Valencia
4625015037;6;12;2,0;0,7;46250;Valencia
4625015038;11;29;2,6;;46250;Valencia
4625016001;16;48;3,0;1,9;46250;Valencia
4625016002;2;7;3,5;0,2;46250;Valencia
4625016003;5;19;3,8;0,5;46250;Valencia
4625016004;4;15;3,8;1,0;46250;Valencia
4625016005;15;43;2,9;2,1;46250;Valencia
4625016006;12;25;2,1;1,1;46250;Valencia
4625016008;12;25;2,1;1,5;46250;Valencia
4625016009;12;24;2,0;1,9;46250;Valencia
4625016010;10;35;3,5;1,9;46250;Valencia
4625016011;1;6;6,0;0,2;46250;Valencia
4625016012;7;33;4,7;1,5;46250;Valencia
4625016013;9;18;2,0;1,3;46250;Valencia
4625016014;0;0;;0,0;46250;Valencia
4625016015;1;4;4,0;0,2;46250;Valencia
4625016016;1;2;2,0;0,1;46250;Valencia
4625016017;3;4;1,3;0,3;46250;Valencia
4625016018;0;0;;0,0;46250;Valencia
4625016019;10;29;2,9;0,7;46250;Valencia
4625016020;2;8;4,0;0,2;46250;Valencia
4625016021;6;15;2,5;0,9;46250;Valencia
4625016022;0;0;;0,0;46250;Valencia
4625016023;2;6;3,0;0,3;46250;Valencia
4625016024;0;0;;0,0;46250;Valencia
4625016025;1;2;2,0;0,2;46250;Valencia
4625016026;2;12;6,0;0,3;46250;Valencia
4625016027;0;0;;0,0;46250;Valencia
4625016028;2;11;5,5;0,3;46250;Valencia
4625016029;1;7;7,0;0,1;46250;Valencia
4625016030;0;0;;0,0;46250;Valencia
4625017001;1;7;7,0;0,1;46250;Valencia
4625017002;4;14;3,5;0,9;46250;Valencia
4625017003;2;14;7,0;0,3;46250;Valencia
4625017006;2;4;2,0;0,2;46250;Valencia
4625017007;0;0;;0,0;46250;Valencia
4625018001;1;2;2,0;0,2;46250;Valencia
4625018002;0;0;;0,0;46250;Valencia
4625018003;3;5;1,7;0,3;46250;Valencia
4625018004;9;39;4,3;0,8;46250;Valencia
4625018005;5;18;3,6;0,6;46250;Valencia
4625018006;2;10;5,0;0,3;46250;Valencia
4625018007;4;14;3,5;0,3;46250;Valencia
4625018008;11;60;5,5;1,1;46250;Valencia
4625018009;4;13;3,3;0,9;46250;Valencia
4625018010;1;5;5,0;0,2;46250;Valencia
4625019001;0;0;;0,0;46250;Valencia
4625019002;2;2;1,0;0,5;46250;Valencia
4625019003;0;0;;0,0;46250;Valencia
4625019004;1;2;2,0;0,1;46250;Valencia
4625019005;0;0;;0,0;46250;Valencia
4625019006;3;18;6,0;0,3;46250;Valencia
4625019007;9;46;5,1;2,8;46250;Valencia
4625019008;42;213;5,1;1,3;46250;Valencia
4625019009;2;5;2,5;0,4;46250;Valencia
4625019011;2;4;2,0;0,3;46250;Valencia
4625019012;9;39;4,3;1,1;46250;Valencia
4625019013;2;3;1,5;0,2;46250;Valencia
4625019014;2;16;8,0;0,3;46250;Valencia
4625019015;0;0;;0,0;46250;Valencia
4625019016;59;358;6,1;0,8;46250;Valencia
4625101001;1;9;9,0;0,1;46251;Vallada
4625101002;7;32;4,6;0,6;46251;Vallada
4625201001;1;5;5,0;0,3;46252;Vallanca
4625301001;0;0;;0,0;46253;Vallés
4625401001;3;26;8,7;0,2;46254;Venta del Moro
4625501001;9;59;6,6;0,8;46255;Villalonga
4625501002;4;36;9,0;0,6;46255;Villalonga
4625501003;4;35;8,8;0,4;46255;Villalonga
4625601001;0;0;;0,0;46256;Vilamarxant
4625601002;0;0;;0,0;46256;Vilamarxant
4625601003;17;61;3,6;1,1;46256;Vilamarxant
4625601004;12;86;7,2;0,8;46256;Vilamarxant
4625701001;2;24;12,0;0,2;46257;Villanueva de Castellón
4625701002;1;14;14,0;0,1;46257;Villanueva de Castellón
4625701003;0;0;;0,0;46257;Villanueva de Castellón
4625701004;1;12;12,0;0,1;46257;Villanueva de Castellón
4625801001;0;0;;0,0;46258;Villar del Arzobispo
4625801002;1;6;6,0;0,1;46258;Villar del Arzobispo
4625901001;0;0;;0,0;46259;Villargordo del Cabriel
4626001001;0;0;;0,0;46260;Vinalesa
4626001002;1;5;5,0;0,2;46260;Vinalesa
4626101001;4;22;5,5;0,2;46261;Yátova
4626201001;2;11;5,5;0,5;46262;Yesa, La
4626301001;7;52;7,4;1,9;46263;Zarra
4690201001;4;11;2,8;0,5;46902;Gátova
4690301001;3;12;4,0;0,2;46903;San Antonio de Benagéber
4690301002;2;11;5,5;0,2;46903;San Antonio de Benagéber
4690301003;5;25;5,0;0,7;46903;San Antonio de Benagéber
4690401001;3;16;5,3;0,6;46904;Benicull de Xúquer
