,Asalariados,Pensionistas,Desempleados,Prestacionistas,Otros_ingresos,Code,Index_Gini,dist_rent_p80_p20,media_edad,percent_menos_18,percernt_mas_65,tama√±o_casa_media,percent_casa_unipersonales,habitantes,Renta neta media por persona ,renta_media_hogar,media_unidad_consumo,mediana_unidad_consumo,renta_bruta_persona,renta_bruta_hogar,viviendas_turisticas,plazas,plaza_vivienda_turistica,percent_vivienda_turistica
1104,11563.0,3878.0,129.0,896.0,8307.0,101,33.4,3.1,44.2,13.3,20.0,2.16,44.8,834.0,18.667,40.783,28.289,23.450,24.774,54.126,71,254,3.6,12.7
1105,11842.0,3345.0,227.0,960.0,6772.0,102,41.1,3.7,43.6,15.6,18.0,2.24,41.1,1006.0,17.846,41.173,26.577,22.050,23.147,53.403,77,278,3.6,7.9
1106,13049.0,4399.0,137.0,940.0,7623.0,103,36.6,3.0,45.1,13.9,22.9,2.16,43.0,966.0,19.706,43.316,29.354,24.150,26.148,57.476,28,108,3.9,3.5
1107,10352.0,4475.0,210.0,743.0,11276.0,105,38.8,3.8,44.0,15.6,21.8,2.32,41.4,1058.0,19.957,48.357,30.462,22.750,27.057,65.560,31,155,5.0,4.0
1108,16825.0,4645.0,185.0,749.0,16536.0,107,45.6,3.8,45.7,13.6,23.6,2.11,43.6,742.0,31.141,66.783,48.737,27.650,45.362,97.282,37,175,4.7,7.0
1109,11548.0,4130.0,272.0,693.0,10844.0,108,45.6,4.1,43.9,15.1,19.6,2.26,39.8,941.0,20.318,46.200,30.136,20.650,27.487,62.503,28,100,3.6,3.2
1110,12256.0,6363.0,103.0,755.0,16536.0,109,43.7,3.7,47.3,17.9,28.2,2.71,27.2,1018.0,29.941,82.981,47.115,35.350,42.785,118.580,14,51,3.6,2.8
1111,10731.0,3066.0,278.0,617.0,10605.0,100,38.3,3.9,44.5,11.7,18.7,2.1,42.8,1007.0,19.984,42.416,30.790,16.450,25.298,53.697,64,245,3.8,11.5
1112,10333.0,3350.0,239.0,493.0,2401.0,101,35.4,3.2,43.1,13.8,17.1,1.99,47.4,1337.0,13.571,27.540,19.201,15.750,16.816,34.125,90,319,3.5,9.6
1113,10713.0,1891.0,305.0,388.0,2769.0,102,32.6,3.2,41.6,12.4,12.3,2.01,41.9,800.0,13.207,26.899,18.400,15.750,16.066,32.722,35,137,3.9,5.2
1114,10801.0,4694.0,182.0,514.0,3356.0,103,31.5,2.8,46.4,14.7,24.4,2.22,37.3,1361.0,15.802,35.437,22.690,19.950,19.547,43.836,15,51,3.4,2.9
1115,11522.0,1684.0,269.0,431.0,2879.0,104,34.9,3.1,39.6,17.5,10.6,2.16,44.5,888.0,13.486,29.219,19.415,15.750,16.785,36.367,43,151,3.5,4.9
1116,10309.0,6332.0,161.0,923.0,3416.0,107,30.4,2.5,49.3,11.8,31.7,2.12,41.1,701.0,17.121,36.402,24.007,21.350,21.140,44.947,17,68,4.0,4.1
1117,0.0,0.0,0.0,0.0,0.0,108,0.0,0.0,0.0,0.0,0.0,0.0,0.0,0.0,0,0,0,0,0,0,26,141,5.4,4.1
1118,9870.0,2604.0,333.0,586.0,2564.0,109,36.4,3.4,41.0,15.0,14.7,2.1,43.8,1970.0,13.018,28.047,18.369,15.750,15.957,34.379,91,372,4.1,6.8
1119,10660.0,4609.0,244.0,736.0,5187.0,102,34.4,2.9,45.0,13.6,21.7,2.12,42.0,1377.0,17.248,36.823,24.981,20.650,21.435,45.762,32,117,3.7,3.6
1120,12387.0,2713.0,191.0,740.0,4915.0,103,36.0,3.0,43.3,14.8,17.0,2.05,43.7,872.0,16.312,33.773,23.035,18.550,20.945,43.364,25,91,3.6,3.5
1121,9762.0,3236.0,231.0,689.0,4284.0,104,35.5,3.5,43.3,13.2,19.1,2.2,41.4,1101.0,14.100,31.857,21.197,19.250,18.201,41.123,103,406,3.9,18.6
1122,11868.0,3208.0,212.0,441.0,4670.0,105,37.5,3.4,43.8,13.3,17.0,2.01,48.6,955.0,16.019,33.210,22.515,19.250,20.399,42.290,88,303,3.4,15.7
1123,11175.0,3614.0,192.0,542.0,8614.0,106,37.7,3.4,42.9,14.4,18.4,2.15,43.7,1390.0,17.061,37.613,25.617,22.050,24.137,53.214,106,516,4.9,9.0
1124,13189.0,4857.0,104.0,727.0,9898.0,108,40.3,4.2,45.4,14.1,23.5,2.23,41.3,931.0,21.392,49.038,31.932,26.950,28.775,65.962,81,323,4.0,15.6
1125,14128.0,5224.0,94.0,897.0,16536.0,100,41.7,3.9,47.9,13.6,28.0,2.28,40.4,830.0,26.933,61.846,40.096,30.450,37.802,86.805,30,126,4.2,6.7
1126,12815.0,4903.0,140.0,458.0,16536.0,101,43.2,4.1,44.5,16.3,24.4,2.37,38.3,861.0,24.075,60.403,38.868,28.350,35.574,89.253,37,144,3.9,4.1
1127,15357.0,6085.0,83.0,742.0,14740.0,102,43.2,3.5,48.4,13.2,29.9,2.27,37.6,1276.0,25.906,59.540,39.003,28.700,37.007,85.055,59,224,3.8,5.8
1128,11829.0,4891.0,168.0,745.0,8032.0,104,34.7,3.2,43.9,16.5,24.0,2.39,36.4,1652.0,19.334,46.970,29.458,25.550,25.665,62.352,64,288,4.5,6.5
1129,12269.0,5807.0,126.0,1040.0,6747.0,201,35.9,3.2,47.7,16.2,29.1,2.26,39.8,953.0,19.937,45.209,29.320,26.250,25.989,58.933,13,60,4.6,2.5
1130,12070.0,5565.0,152.0,687.0,6523.0,203,32.9,3.2,45.6,15.6,25.1,2.22,40.7,916.0,18.942,42.500,27.592,24.150,24.997,56.087,18,104,5.8,2.9
1131,10488.0,4617.0,215.0,591.0,3874.0,204,34.5,3.3,45.5,17.1,24.5,2.4,34.2,1460.0,15.509,37.436,23.649,20.650,19.786,47.759,10,29,2.9,1.3
1132,10571.0,4216.0,248.0,685.0,3310.0,206,32.4,2.9,44.6,16.4,22.5,2.42,35.9,1323.0,15.211,37.424,22.571,20.650,19.030,46.821,16,70,4.4,2.4
1133,10814.0,3676.0,213.0,509.0,5062.0,208,35.8,3.4,43.9,17.0,20.0,2.27,37.0,1238.0,16.094,37.360,23.634,19.950,20.274,47.065,25,85,3.4,3.0
1134,11675.0,3612.0,206.0,532.0,3289.0,209,33.5,3.1,42.1,18.8,18.6,2.3,39.3,1101.0,15.482,36.003,22.712,20.650,19.315,44.917,24,81,3.4,4.0
1135,12039.0,3832.0,262.0,754.0,3790.0,200,30.3,2.8,44.1,17.9,21.1,2.4,32.4,968.0,15.907,38.759,24.947,22.750,20.677,50.381,7,22,3.1,1.6
1136,10881.0,3233.0,286.0,725.0,2938.0,203,35.0,3.3,41.8,19.2,17.8,2.21,41.2,1311.0,14.625,32.568,21.413,18.550,18.063,40.225,33,120,3.6,4.6
1137,12279.0,4554.0,169.0,678.0,6078.0,204,35.7,3.4,44.2,15.5,20.4,2.31,39.2,779.0,18.419,43.110,27.177,24.850,23.758,55.608,13,55,4.2,2.9
1138,11200.0,2603.0,311.0,554.0,2287.0,205,34.0,3.1,43.0,13.2,15.6,1.99,47.0,1061.0,13.920,28.031,19.336,17.150,16.955,34.141,44,171,3.9,5.9
1139,11972.0,4411.0,235.0,681.0,5952.0,206,35.1,3.0,45.2,13.9,21.4,2.18,39.2,1364.0,9.958,21.808,26.196,22.050,23.251,50.922,47,193,4.1,4.8
1140,8696.0,6166.0,151.0,727.0,3792.0,208,31.8,2.9,48.1,14.6,29.1,2.32,34.3,670.0,15.849,36.906,23.171,20.650,19.532,45.484,17,52,3.1,4.4
1141,10321.0,3102.0,225.0,804.0,2301.0,209,34.4,3.6,44.9,13.5,18.5,2.01,45.8,1104.0,13.713,27.658,19.013,17.150,16.753,33.790,35,120,3.4,4.8
1142,11483.0,3696.0,212.0,625.0,2875.0,200,37.0,3.5,43.7,15.8,19.8,2.43,33.2,987.0,14.997,36.519,22.060,19.250,18.891,45.999,9,30,3.3,2.0
1143,11359.0,3132.0,273.0,885.0,2964.0,201,34.5,3.1,42.5,16.9,18.1,2.47,33.1,812.0,15.003,37.414,22.330,19.250,18.613,46.417,13,34,2.6,3.4
1144,10326.0,4380.0,300.0,714.0,2961.0,202,29.7,2.6,46.9,14.1,25.0,2.45,29.2,1220.0,11.798,29.398,21.519,19.950,18.680,46.548,10,41,4.1,1.5
1145,10978.0,4195.0,160.0,700.0,2542.0,203,32.0,2.9,45.1,16.0,21.7,2.31,33.5,1159.0,15.077,35.353,22.179,20.650,18.575,43.554,8,30,3.8,1.2
1146,10846.0,4040.0,146.0,661.0,2111.0,204,29.6,2.7,45.9,14.7,22.0,2.19,41.2,685.0,14.526,31.938,20.891,19.250,17.804,39.146,10,31,3.1,2.0
1147,10505.0,3321.0,248.0,438.0,1781.0,205,34.7,3.7,44.3,12.7,19.0,2.22,37.4,725.0,13.250,29.407,19.049,16.450,16.293,36.162,12,41,3.4,2.6
1148,10666.0,3141.0,273.0,843.0,2122.0,206,35.4,3.3,43.6,14.2,19.1,2.06,44.6,939.0,13.995,29.560,19.603,17.150,17.045,36.000,22,64,2.9,3.1
1149,8373.0,2978.0,337.0,932.0,1583.0,200,36.7,3.5,44.2,12.5,18.4,2.15,40.1,792.0,11.512,25.515,16.816,15.050,14.203,31.479,25,109,4.4,5.1
1150,10593.0,2839.0,282.0,616.0,2264.0,201,32.5,3.0,42.4,16.5,16.5,2.26,38.1,1084.0,13.552,30.701,19.941,17.850,16.594,37.593,20,74,3.7,2.9
1151,9424.0,4329.0,286.0,711.0,1888.0,202,34.4,3.0,46.4,12.1,24.8,2.44,31.8,891.0,13.613,33.391,20.409,17.850,16.638,40.809,22,86,3.9,4.6
1152,15974.0,5319.0,116.0,714.0,16536.0,203,39.7,3.4,46.2,16.4,26.6,2.46,31.6,1498.0,27.165,68.295,42.299,31.150,40.182,101.024,28,161,5.8,3.8
1153,16767.0,5247.0,156.0,571.0,16536.0,205,45.6,3.7,46.1,17.2,27.7,2.67,29.5,1043.0,32.242,91.933,52.239,33.250,47.029,133.380,17,68,4.0,4.2
1154,19325.0,5801.0,84.0,871.0,16536.0,206,44.0,3.7,44.3,18.2,24.7,2.6,32.2,768.0,31.786,83.520,50.460,33.950,47.029,125.092,2,10,5.0,0.5
1155,12920.0,5192.0,71.0,743.0,16536.0,207,38.9,3.1,44.4,18.6,24.8,2.6,33.0,1298.0,22.888,59.930,40.855,31.850,37.692,98.691,8,26,3.3,1.1
1156,14824.0,6097.0,73.0,701.0,16536.0,209,40.2,2.8,47.6,14.7,28.1,2.66,27.0,612.0,28.191,76.151,42.907,31.150,39.259,106.049,3,5,1.7,1.1
1157,26674.0,5487.0,161.0,799.0,16536.0,200,39.4,2.9,46.5,15.2,24.8,2.51,34.3,871.0,32.242,91.933,52.239,30.450,47.029,133.380,4,16,4.0,0.9
1158,14411.0,5064.0,124.0,771.0,16536.0,201,39.7,3.0,45.4,16.8,24.4,2.55,31.5,800.0,32.242,87.656,48.084,26.250,47.029,127.655,12,53,4.4,4.0
1159,10625.0,5443.0,190.0,720.0,8675.0,202,36.7,2.9,46.2,17.2,26.0,2.26,38.8,1019.0,19.153,44.027,29.220,24.150,25.653,58.967,7,18,2.6,1.2
1160,14931.0,5663.0,111.0,415.0,11886.0,203,36.3,3.3,47.0,15.7,27.8,2.41,34.0,688.0,23.948,58.124,35.954,31.150,33.006,80.107,4,14,3.5,1.0
1161,11482.0,4881.0,174.0,712.0,6953.0,204,32.9,2.8,45.1,16.6,26.2,2.53,32.5,694.0,18.806,48.067,28.919,25.550,24.203,61.862,8,31,3.9,1.7
1162,14173.0,4725.0,125.0,640.0,10931.0,205,35.5,2.6,43.7,19.5,22.0,2.68,28.5,1361.0,22.329,60.173,33.723,27.650,30.594,82.445,2,3,1.5,0.4
1163,12420.0,5272.0,198.0,538.0,16359.0,206,38.8,3.1,46.0,18.1,26.1,2.62,29.3,931.0,24.165,64.322,39.608,26.950,34.786,92.594,6,25,4.2,1.8
1164,13536.0,5233.0,113.0,839.0,13268.0,207,35.6,3.0,44.9,15.8,25.8,2.58,29.3,803.0,24.439,64.092,37.204,31.850,32.989,86.514,4,29,7.3,1.0
1165,12060.0,4980.0,121.0,680.0,7555.0,200,32.7,2.6,44.8,17.7,24.5,2.29,37.2,1095.0,18.650,43.301,28.669,25.550,25.396,58.966,10,35,3.5,2.0
1166,12149.0,5309.0,181.0,895.0,6704.0,201,32.4,2.9,46.0,18.1,25.7,2.4,34.4,1312.0,19.652,47.258,29.329,24.850,25.239,60.695,4,15,3.8,0.7
1167,12692.0,4529.0,128.0,683.0,6248.0,203,29.8,2.5,43.6,19.7,21.7,2.64,28.2,920.0,18.619,49.633,29.210,27.650,24.281,64.724,8,21,2.6,1.7
1168,13944.0,5827.0,189.0,748.0,7150.0,204,30.3,2.7,46.4,15.7,24.5,2.52,34.1,703.0,21.536,54.381,31.843,28.350,27.859,70.349,4,11,2.8,1.1
1169,12557.0,5177.0,163.0,745.0,7839.0,205,33.9,2.9,44.9,19.2,25.1,2.58,31.3,1320.0,19.499,50.581,30.521,26.250,26.480,68.690,3,7,2.3,0.5
1170,13496.0,4834.0,158.0,677.0,8004.0,207,31.5,2.3,44.8,19.7,23.9,2.54,35.6,979.0,21.020,53.949,32.115,26.950,27.169,69.729,4,15,3.8,1.0
1171,10426.0,4893.0,170.0,971.0,5450.0,301,31.8,2.6,45.3,15.5,25.1,2.43,33.5,841.0,17.522,43.411,26.096,22.750,21.910,54.284,2,2,1.0,0.5
1172,12329.0,4124.0,253.0,614.0,3459.0,302,34.3,2.9,44.4,16.9,20.9,2.26,38.1,1549.0,16.474,37.616,24.185,21.350,20.778,47.444,26,99,3.8,2.3
1173,9859.0,3700.0,285.0,508.0,2657.0,304,37.5,3.7,44.4,14.2,20.4,2.02,43.9,1680.0,13.939,28.615,19.677,17.150,17.009,34.920,33,118,3.6,2.6
1174,12298.0,5757.0,191.0,822.0,4092.0,307,33.9,3.0,47.1,14.4,26.7,2.23,36.4,868.0,18.434,41.536,27.137,24.150,23.159,52.184,23,87,3.8,4.4
1175,10728.0,3492.0,172.0,617.0,2828.0,308,34.8,3.1,42.8,17.2,19.7,2.33,37.3,1249.0,14.354,34.156,21.180,19.250,17.837,42.445,25,79,3.2,3.5
1176,8419.0,3333.0,223.0,821.0,3296.0,300,39.8,4.3,44.7,12.5,19.9,2.28,41.4,1678.0,13.086,30.436,18.939,14.350,16.093,37.428,55,222,4.0,4.7
1177,9957.0,4352.0,204.0,590.0,5501.0,303,39.7,3.6,45.7,13.6,23.3,2.25,40.0,1718.0,16.178,36.897,23.187,18.550,20.604,46.992,19,70,3.7,2.8
1178,0.0,0.0,0.0,0.0,0.0,304,0.0,0.0,0.0,0.0,0.0,0.0,0.0,0.0,0,0,0,0,0,0,9,33,3.7,2.0
1179,13910.0,4141.0,165.0,802.0,5877.0,305,40.4,3.3,44.7,15.3,22.7,2.16,41.1,1026.0,19.106,41.958,28.209,23.450,24.896,54.673,18,75,4.2,2.1
1180,11037.0,3833.0,203.0,683.0,2579.0,307,34.9,3.4,44.5,16.3,20.5,2.26,38.9,1298.0,14.867,33.959,21.477,18.550,18.334,41.879,14,44,3.1,1.3
1181,11606.0,4134.0,192.0,603.0,2375.0,308,32.9,3.0,44.8,15.0,22.4,2.33,35.9,876.0,15.161,35.721,22.463,19.950,18.910,44.555,14,52,3.7,2.0
1182,11536.0,3601.0,212.0,668.0,4441.0,309,34.4,2.9,42.6,17.0,18.7,2.44,35.3,1280.0,15.932,39.971,24.566,20.650,20.458,51.326,8,18,2.3,1.2
1183,12451.0,4699.0,179.0,581.0,3201.0,300,30.9,2.7,45.5,16.0,22.6,2.5,30.2,1418.0,16.658,41.974,24.715,22.050,21.111,53.193,4,18,4.5,0.6
1184,10599.0,2984.0,245.0,792.0,2405.0,301,34.8,3.4,42.5,16.6,18.2,2.4,33.0,1287.0,13.712,33.414,20.517,17.850,17.026,41.491,11,31,2.8,1.1
1185,11032.0,5226.0,197.0,706.0,3850.0,303,33.7,2.9,45.8,17.4,26.4,2.52,32.6,1388.0,16.634,42.712,24.963,22.050,21.010,53.949,8,29,3.6,1.0
1186,11506.0,4368.0,260.0,510.0,2073.0,305,33.0,3.1,44.2,15.5,21.4,2.48,30.6,1042.0,14.989,37.309,22.964,19.950,18.716,46.587,3,15,5.0,0.5
1187,9065.0,5359.0,188.0,730.0,2586.0,306,28.7,2.4,48.0,14.6,28.5,2.39,31.3,1143.0,14.715,35.441,21.946,20.650,17.927,43.178,3,12,4.0,0.4
1188,10750.0,5160.0,195.0,665.0,3505.0,307,30.2,2.8,46.1,16.8,25.5,2.61,27.4,2326.0,16.155,42.723,24.418,22.050,20.276,53.621,2,11,5.5,0.8
1189,11775.0,4083.0,227.0,748.0,6033.0,309,38.2,3.4,45.6,16.9,22.0,2.37,35.0,854.0,17.836,43.098,27.323,18.550,22.866,55.253,4,15,3.8,0.6
1190,11204.0,4641.0,245.0,705.0,4207.0,300,32.3,2.9,43.9,17.0,21.4,2.56,26.3,1091.0,16.647,42.993,24.961,21.350,21.000,54.239,13,37,2.8,2.1
1191,8793.0,4059.0,229.0,719.0,1567.0,302,34.5,3.2,46.5,12.9,25.2,2.17,41.2,861.0,12.889,28.052,18.439,16.450,15.366,33.444,5,14,2.8,1.1
1192,11751.0,5602.0,155.0,756.0,3707.0,303,37.3,3.8,47.4,14.1,26.3,2.41,32.7,937.0,16.911,41.327,24.641,21.350,21.970,53.693,19,64,3.4,3.7
1193,11766.0,5815.0,170.0,595.0,8661.0,304,38.1,3.0,47.4,13.7,27.6,2.45,30.0,1265.0,20.223,49.667,29.792,26.250,27.007,66.328,5,21,4.2,0.8
1194,11163.0,5123.0,231.0,860.0,5038.0,305,33.5,3.0,45.6,14.3,23.7,2.45,31.0,1571.0,17.736,43.640,26.705,22.050,22.415,55.153,11,38,3.5,1.2
1195,11309.0,4789.0,148.0,784.0,4644.0,306,33.0,2.9,44.8,17.3,24.1,2.6,28.8,1516.0,16.896,44.220,25.769,22.750,21.675,56.726,14,64,4.6,1.8
1196,9579.0,4742.0,221.0,671.0,3703.0,307,37.1,3.5,45.4,16.5,23.4,2.52,31.3,1209.0,14.677,37.271,22.702,20.650,18.917,48.039,8,28,3.5,1.2
1197,10817.0,4302.0,117.0,744.0,6903.0,308,32.3,2.6,46.8,14.9,24.3,2.52,31.0,691.0,17.504,43.889,26.534,23.450,22.883,57.377,3,12,4.0,0.9
1198,11193.0,4658.0,185.0,664.0,4457.0,300,35.5,3.2,44.4,15.9,20.1,2.41,36.3,937.0,16.658,40.487,24.281,22.050,21.157,51.422,16,49,3.1,3.7
1199,10938.0,3362.0,277.0,665.0,2894.0,301,33.8,3.3,43.5,17.0,19.2,2.3,37.7,1850.0,14.586,33.830,21.720,19.950,18.136,42.063,16,44,2.8,1.4
1200,11131.0,5616.0,261.0,945.0,4246.0,304,30.6,2.6,47.1,14.3,27.8,2.35,35.2,1450.0,17.758,42.182,26.226,24.150,22.199,52.733,9,38,4.2,1.0
1201,9550.0,4346.0,224.0,713.0,3059.0,306,34.7,3.3,45.5,16.4,25.7,2.38,34.2,1694.0,14.574,34.836,21.314,17.850,17.892,42.767,9,41,4.6,2.4
1202,9234.0,5374.0,203.0,723.0,3478.0,307,35.3,3.4,47.0,12.6,26.4,2.43,29.8,1507.0,15.172,36.976,22.294,18.550,19.011,46.334,17,53,3.1,2.2
1203,11178.0,6137.0,150.0,679.0,4658.0,308,34.4,3.2,46.3,16.3,28.0,2.52,28.4,1790.0,17.753,44.826,26.762,24.150,22.802,57.574,13,53,4.1,1.4
1204,10390.0,5098.0,175.0,816.0,3698.0,309,33.1,2.9,44.6,17.1,23.4,2.37,35.1,1080.0,16.153,38.557,23.663,22.050,20.177,48.164,11,34,3.1,1.8
1205,10748.0,5148.0,177.0,1013.0,4537.0,300,32.3,2.9,46.3,16.2,26.5,2.21,39.1,1263.0,17.160,38.481,25.083,22.050,21.622,48.487,3,8,2.7,0.4
1206,9851.0,4161.0,231.0,742.0,2110.0,302,33.1,3.2,44.9,16.2,22.4,2.38,34.1,1950.0,13.977,33.517,20.484,18.550,17.094,40.992,14,51,3.6,1.2
1207,10018.0,2884.0,244.0,638.0,2995.0,303,34.5,3.2,44.4,14.6,19.8,2.36,35.0,930.0,13.398,31.851,20.055,17.850,16.778,39.886,10,44,4.4,1.9
1208,12274.0,7885.0,143.0,679.0,10208.0,305,34.6,2.7,50.8,10.7,34.3,2.43,29.0,798.0,23.889,58.388,34.753,26.250,31.189,76.229,7,21,3.0,1.8
1209,10383.0,6744.0,134.0,946.0,2667.0,401,32.2,3.1,48.4,11.2,30.0,2.39,32.9,1162.0,16.783,40.667,24.360,22.750,20.875,50.584,22,88,4.0,2.8
1210,5943.0,3679.0,216.0,507.0,1364.0,402,32.5,2.8,44.8,16.4,25.2,2.39,29.3,761.0,10.173,24.552,14.668,13.650,11.709,28.260,3,16,5.3,0.6
1211,9420.0,3827.0,279.0,716.0,1928.0,403,30.8,2.7,44.7,16.1,21.3,2.55,26.0,1454.0,13.193,33.691,20.048,17.850,16.169,41.293,3,8,2.7,0.4
1212,7540.0,4195.0,196.0,683.0,1559.0,404,28.6,2.6,47.2,14.0,29.4,2.29,33.2,858.0,12.143,28.089,17.570,16.450,14.173,32.786,0,0,0.0,0.0
1213,11265.0,7075.0,127.0,888.0,3025.0,405,28.0,2.4,47.8,12.1,28.9,2.55,23.4,1189.0,18.031,46.072,26.595,24.150,22.381,57.185,1,3,3.0,0.2
1214,10386.0,6132.0,205.0,830.0,2326.0,406,29.0,2.6,47.1,12.3,27.5,2.59,22.7,1472.0,16.191,42.120,24.002,22.050,19.879,51.713,2,7,3.5,0.3
1215,8351.0,5015.0,249.0,928.0,1582.0,407,35.4,3.5,47.0,11.9,25.9,2.27,34.7,1307.0,13.483,30.966,19.268,17.150,16.125,37.036,11,46,4.2,1.4
1216,8228.0,5042.0,280.0,574.0,1893.0,408,41.1,4.8,45.2,12.7,24.5,2.35,33.5,876.0,13.249,31.383,18.881,14.350,16.017,37.940,7,33,4.7,1.2
1217,6533.0,4030.0,262.0,583.0,1046.0,409,34.5,3.1,45.2,13.1,25.1,2.45,29.9,1071.0,10.740,26.301,15.417,13.650,12.454,30.498,1,6,6.0,0.2
1218,8298.0,4388.0,298.0,762.0,2365.0,400,34.3,3.2,46.0,13.8,24.8,2.53,27.1,1123.0,13.366,34.219,19.867,17.850,16.111,41.246,3,7,2.3,0.6
1219,6521.0,3872.0,281.0,553.0,1285.0,401,35.3,3.4,46.3,12.6,26.1,2.43,32.6,851.0,10.653,26.257,15.388,13.650,12.511,30.837,7,24,3.4,1.3
1220,5150.0,3297.0,279.0,776.0,561.0,402,36.6,3.2,44.5,14.7,22.4,2.43,32.9,1522.0,8.889,22.055,12.854,10.150,10.062,24.965,4,14,3.5,0.4
1221,6055.0,3492.0,310.0,712.0,754.0,404,36.5,4.1,45.7,13.7,22.2,2.57,28.5,838.0,9.928,25.937,14.451,12.950,11.322,29.580,2,5,2.5,0.5
1222,6058.0,3437.0,349.0,569.0,751.0,405,33.3,3.0,48.2,9.7,25.6,2.24,34.4,1107.0,9.829,22.273,13.750,12.250,11.164,25.298,0,0,0.0,0.0
1223,6383.0,3185.0,311.0,596.0,428.0,406,34.6,3.0,46.9,11.6,25.6,2.23,37.9,1322.0,9.569,21.505,13.387,11.550,10.902,24.502,2,5,2.5,0.3
1224,9302.0,5363.0,202.0,750.0,2005.0,407,31.5,2.7,45.8,15.1,26.4,2.6,24.6,1208.0,14.578,37.948,21.486,19.950,17.622,45.871,1,7,7.0,0.1
1225,14753.0,2657.0,200.0,716.0,2891.0,408,30.9,2.6,36.5,27.0,12.1,2.77,21.8,2184.0,16.532,46.391,26.203,24.150,21.217,59.539,8,24,3.0,0.5
1226,15646.0,2480.0,150.0,661.0,3240.0,409,30.0,2.5,37.2,27.3,9.5,2.9,19.7,2450.0,17.210,50.009,27.442,24.150,22.178,64.447,7,24,3.4,0.7
1227,9626.0,5447.0,154.0,520.0,2833.0,400,33.4,3.3,47.4,12.6,26.6,2.44,30.1,1297.0,15.275,38.217,22.490,19.950,18.580,46.485,3,10,3.3,0.5
1228,11128.0,4271.0,221.0,771.0,2053.0,401,30.6,2.7,44.0,16.3,20.9,2.66,22.5,2020.0,14.976,40.408,22.630,21.350,18.444,49.765,7,36,5.1,0.7
1229,8421.0,5936.0,179.0,772.0,1702.0,402,34.2,3.1,46.4,15.1,29.1,2.62,22.8,1220.0,14.088,37.089,20.948,18.550,17.011,44.783,4,13,3.3,0.8
1230,7490.0,4783.0,184.0,873.0,937.0,403,32.5,2.9,47.4,15.1,30.9,2.38,32.1,920.0,12.159,29.342,17.580,16.450,14.267,34.428,0,0,0.0,0.0
1231,15425.0,2129.0,172.0,571.0,5381.0,404,33.0,2.7,37.2,26.4,11.1,2.78,25.0,2330.0,18.103,50.807,29.471,24.150,23.678,66.454,7,26,3.7,0.5
1232,13521.0,2445.0,182.0,661.0,3024.0,405,32.7,2.9,38.1,25.5,13.2,2.77,23.7,2727.0,15.542,43.085,24.658,22.050,19.834,54.984,11,35,3.2,0.9
1233,15335.0,1746.0,182.0,510.0,4601.0,406,32.5,2.7,35.1,30.9,8.4,2.93,22.7,1691.0,16.691,49.299,28.086,25.550,22.375,66.087,5,19,3.8,1.1
1234,8219.0,6054.0,301.0,713.0,2026.0,501,33.0,3.2,49.4,10.8,31.1,2.42,30.5,1095.0,14.407,35.095,20.799,18.550,17.312,42.172,7,22,3.1,1.1
1235,6217.0,3080.0,231.0,381.0,525.0,502,33.8,3.2,43.7,15.1,21.6,2.56,30.1,894.0,9.159,23.498,13.400,12.250,10.434,26.771,6,35,5.8,1.3
1236,5316.0,3044.0,341.0,652.0,602.0,503,33.5,2.8,44.8,14.9,23.8,2.49,31.2,807.0,8.830,22.172,12.885,11.200,9.955,24.997,13,41,3.2,2.6
1237,7092.0,3242.0,316.0,673.0,842.0,504,33.2,2.7,45.8,11.3,21.1,2.57,24.4,1378.0,10.517,27.246,15.466,13.650,12.164,31.512,5,11,2.2,0.7
1238,6699.0,3142.0,304.0,588.0,854.0,505,33.9,3.2,44.8,14.7,22.8,2.44,29.9,1283.0,10.123,24.932,14.734,12.950,11.587,28.538,3,14,4.7,0.5
1239,6794.0,4230.0,289.0,799.0,1195.0,506,33.9,3.5,48.4,12.3,29.4,2.35,31.7,1227.0,11.487,26.952,16.574,14.350,13.306,31.220,4,8,2.0,0.6
1240,7364.0,4332.0,251.0,651.0,1341.0,507,32.8,3.4,47.0,13.5,27.1,2.24,33.8,1030.0,11.857,26.758,16.802,16.450,13.940,31.457,6,18,3.0,1.1
1241,8261.0,4864.0,193.0,605.0,1557.0,508,32.3,3.1,47.0,14.0,28.7,2.48,26.8,1918.0,12.933,32.283,18.921,17.150,15.480,38.640,8,34,4.3,0.9
1242,5436.0,2952.0,250.0,648.0,983.0,509,31.0,2.9,45.3,15.3,25.7,2.46,30.7,948.0,9.090,22.506,13.351,12.250,10.270,25.427,3,11,3.7,0.7
1243,9797.0,5420.0,233.0,839.0,2390.0,500,33.5,3.5,47.9,13.9,28.4,2.38,32.6,869.0,15.293,36.662,22.242,20.650,18.679,44.777,2,8,4.0,0.3
1244,8975.0,3845.0,222.0,622.0,1853.0,501,35.2,3.5,45.6,15.0,23.4,2.32,33.5,1212.0,12.849,30.250,18.837,16.450,15.516,36.529,22,89,4.0,2.7
1245,9632.0,3972.0,220.0,617.0,2706.0,503,32.4,3.1,45.2,15.0,23.1,2.39,32.6,1216.0,13.888,33.483,20.288,19.250,17.147,41.339,18,52,2.9,2.9
1246,7362.0,2579.0,279.0,535.0,1296.0,504,33.0,2.8,42.0,16.6,15.6,2.41,31.1,815.0,10.344,25.289,15.138,12.950,12.051,29.463,8,34,4.3,1.6
1247,8546.0,2450.0,258.0,608.0,1609.0,505,34.1,3.4,42.8,17.2,17.4,2.47,33.2,1388.0,11.311,28.153,16.898,15.050,13.472,33.531,16,52,3.3,2.2
1248,9190.0,3486.0,257.0,694.0,1391.0,506,31.4,2.7,43.9,15.5,21.3,2.52,29.1,1175.0,12.650,32.438,18.803,17.150,15.018,38.510,8,26,3.3,1.3
1249,9037.0,3026.0,235.0,386.0,1833.0,507,40.3,4.2,42.8,15.0,17.0,2.3,32.0,575.0,11.811,27.675,17.199,14.350,14.517,34.016,20,78,3.9,4.0
1250,8207.0,3816.0,244.0,620.0,1210.0,508,31.6,2.6,46.2,14.1,25.0,2.37,32.1,2482.0,11.965,28.484,17.344,15.750,14.097,33.559,4,13,3.3,0.8
1251,0.0,0.0,0.0,0.0,0.0,509,0.0,0.0,0.0,0.0,0.0,0.0,0.0,0.0,0,0,0,0,0,0,4,15,3.8,0.5
1252,7720.0,3123.0,227.0,503.0,1841.0,501,37.9,3.4,45.1,11.8,22.0,2.14,41.5,1299.0,11.315,24.412,15.916,13.650,13.415,28.941,10,35,3.5,0.8
1253,7154.0,4136.0,298.0,757.0,1215.0,502,30.2,2.5,46.7,12.9,26.3,2.21,40.1,1531.0,11.662,26.111,16.662,15.050,13.560,30.361,9,24,2.7,0.8
1254,8682.0,4326.0,254.0,693.0,3335.0,505,35.6,3.1,44.6,15.2,24.8,2.33,37.1,705.0,14.029,33.130,20.900,17.150,17.290,40.831,14,42,3.0,3.1
1255,9713.0,5627.0,192.0,787.0,2671.0,506,35.0,3.4,47.2,14.3,27.6,2.31,36.4,1447.0,15.438,35.920,22.293,19.950,18.991,44.188,7,33,4.7,0.8
1256,9167.0,4864.0,192.0,495.0,1967.0,507,32.1,2.9,44.6,15.0,24.2,2.46,31.2,1785.0,13.668,33.927,20.483,18.550,16.686,41.419,4,7,1.8,0.4
1257,10495.0,6092.0,223.0,589.0,2655.0,508,32.1,2.9,46.0,15.4,27.9,2.39,33.8,974.0,15.954,38.353,23.832,22.050,20.055,48.212,14,35,2.5,2.3
1258,6255.0,3123.0,322.0,622.0,912.0,509,36.2,3.5,45.3,14.8,23.1,2.34,37.8,1171.0,9.824,23.279,13.840,11.550,11.234,26.620,8,32,4.0,1.4
1259,7942.0,1746.0,230.0,516.0,892.0,501,35.6,3.4,38.8,21.2,11.8,2.73,27.6,1149.0,9.618,26.631,14.797,13.650,11.327,31.363,6,25,4.2,0.9
1260,8590.0,2966.0,236.0,701.0,1356.0,503,29.9,2.7,43.9,16.5,20.5,2.62,23.9,1763.0,11.601,30.680,17.501,15.050,13.849,36.625,6,27,4.5,0.7
1261,4575.0,2424.0,349.0,488.0,399.0,504,35.5,3.5,43.5,16.2,21.6,2.3,37.5,1368.0,7.451,17.421,10.543,9.450,8.234,19.250,3,10,3.3,0.4
1262,6200.0,2740.0,337.0,562.0,641.0,506,33.5,3.0,44.4,12.7,19.6,2.56,27.8,1171.0,9.218,24.334,13.716,12.250,10.479,27.662,6,20,3.3,1.0
1263,9500.0,2986.0,277.0,823.0,1696.0,507,32.6,3.2,43.7,16.0,20.4,2.5,29.3,794.0,12.593,31.661,18.829,16.450,15.282,38.423,3,11,3.7,0.8
1264,10602.0,3653.0,242.0,759.0,1934.0,508,31.5,2.8,43.6,16.1,21.0,2.76,22.5,1364.0,14.078,39.322,21.632,19.250,17.190,48.013,4,7,1.8,0.6
1265,7962.0,4207.0,224.0,747.0,1392.0,509,33.1,3.2,46.1,13.9,25.8,2.41,29.5,1666.0,12.254,29.789,17.975,16.450,14.532,35.325,2,9,4.5,0.3
1266,9593.0,3980.0,183.0,623.0,1500.0,500,29.5,2.6,44.4,15.6,22.1,2.57,26.6,1905.0,12.725,32.773,19.756,19.250,15.879,40.895,5,19,3.8,0.6
1267,10265.0,4303.0,201.0,605.0,2018.0,501,31.4,2.8,43.4,16.4,19.2,2.53,29.7,2279.0,14.124,36.329,21.270,19.250,17.392,44.736,2,7,3.5,0.2
1268,8203.0,3765.0,241.0,701.0,1286.0,502,31.1,2.6,44.9,16.2,22.2,2.43,33.5,1548.0,12.028,29.555,17.709,16.450,14.195,34.879,5,10,2.0,0.7
1269,10442.0,2563.0,223.0,689.0,1390.0,503,29.9,2.7,42.1,16.4,14.9,2.62,26.6,1897.0,12.702,33.554,19.400,18.550,15.307,40.435,3,4,1.3,0.3
1270,15591.0,5784.0,131.0,768.0,10785.0,601,37.9,3.1,44.7,17.2,25.6,2.56,32.3,1308.0,23.850,62.135,36.655,29.750,33.059,86.126,0,0,0.0,0.0
1271,14393.0,6094.0,127.0,584.0,5817.0,602,30.3,2.7,45.5,15.2,26.3,2.84,24.9,1575.0,20.159,57.645,31.645,28.350,27.016,77.251,7,19,2.7,1.0
1272,18649.0,4783.0,162.0,921.0,8747.0,603,37.2,2.7,40.9,21.6,20.3,2.58,33.0,971.0,23.380,60.763,36.813,26.950,33.261,86.442,8,32,4.0,2.2
1273,12515.0,5317.0,246.0,543.0,6617.0,604,33.6,2.9,44.9,16.3,26.2,2.56,30.8,1575.0,19.145,50.199,29.477,24.850,25.238,66.175,2,12,6.0,0.5
1274,16787.0,6876.0,106.0,559.0,16536.0,606,38.8,2.8,46.6,17.3,30.8,2.82,24.0,1211.0,32.242,91.933,52.239,36.750,47.029,133.380,1,2,2.0,0.2
1275,16770.0,4365.0,148.0,681.0,8747.0,607,38.8,3.3,42.9,18.6,20.5,2.65,27.7,1343.0,22.079,59.928,34.647,27.650,30.710,83.355,9,32,3.6,0.9
1276,12299.0,6049.0,151.0,687.0,5356.0,608,33.1,2.8,44.5,17.9,26.3,2.61,28.2,1924.0,18.988,49.996,29.029,25.550,24.541,64.616,21,95,4.5,2.0
1277,7836.0,4319.0,211.0,694.0,1284.0,609,36.2,3.3,45.7,12.9,23.9,2.36,37.7,1385.0,11.992,28.713,17.430,14.350,14.345,34.346,16,40,2.5,2.0
1278,7052.0,2848.0,238.0,743.0,1458.0,601,40.0,4.6,41.4,19.2,18.9,2.59,33.4,890.0,10.380,26.905,15.421,12.950,12.340,31.986,8,12,1.5,1.7
1279,13150.0,4037.0,196.0,766.0,6809.0,602,41.9,3.6,44.8,15.7,23.6,2.36,34.1,1112.0,18.330,43.553,27.298,21.350,24.958,59.302,7,38,5.4,1.3
1280,11278.0,4256.0,241.0,608.0,4264.0,603,35.7,3.5,43.4,20.0,21.8,2.56,28.4,1337.0,16.151,41.835,24.821,21.350,20.648,53.485,3,8,2.7,0.5
1281,14093.0,4490.0,165.0,609.0,8005.0,604,37.0,2.9,42.9,19.3,19.9,2.5,34.3,1610.0,20.185,50.800,30.638,24.150,27.361,68.860,15,46,3.1,1.8
1282,12220.0,4297.0,234.0,825.0,5642.0,605,33.4,3.1,42.9,17.1,20.4,2.52,29.3,2050.0,17.985,45.786,26.908,24.150,23.219,59.112,13,54,4.2,1.2
1283,14925.0,5035.0,75.0,892.0,10714.0,606,37.0,2.8,42.7,18.3,22.9,2.91,26.1,859.0,22.773,67.759,36.868,29.750,31.640,94.140,3,8,2.7,0.7
1284,12795.0,5221.0,148.0,836.0,10226.0,607,32.5,2.7,43.8,19.6,24.3,2.71,26.5,1713.0,21.531,58.698,34.367,26.950,29.227,79.679,2,6,3.0,0.4
1285,17242.0,6964.0,127.0,894.0,13767.0,608,36.6,2.8,45.4,20.2,28.2,2.95,27.0,1028.0,26.943,80.518,43.504,36.050,38.994,116.535,1,1,1.0,0.3
1286,13436.0,4657.0,109.0,524.0,10853.0,609,40.5,3.7,43.1,19.9,23.5,2.76,28.9,1002.0,21.290,59.337,33.830,26.250,29.579,82.441,7,22,3.1,1.3
1287,0.0,0.0,0.0,0.0,0.0,600,0.0,0.0,0.0,0.0,0.0,0.0,0.0,0.0,0,0,0,0,0,0,2,6,3.0,0.8
1288,14210.0,5759.0,142.0,603.0,10202.0,601,33.7,3.0,43.9,15.5,22.6,2.83,23.3,885.0,18.672,54.259,35.218,31.850,30.917,89.839,2,6,3.0,0.4
1289,12387.0,6714.0,154.0,877.0,6593.0,602,30.3,2.7,45.9,17.1,30.0,2.53,29.6,913.0,20.268,51.814,30.953,29.750,26.724,68.319,1,2,2.0,0.2
1290,13220.0,5919.0,161.0,614.0,4330.0,603,32.1,2.7,43.4,19.2,25.1,2.66,30.1,1185.0,18.686,50.671,29.270,26.950,24.243,65.740,5,16,3.2,0.8
1291,11525.0,5599.0,150.0,640.0,4571.0,604,30.6,2.6,43.7,17.6,25.4,2.55,31.1,1487.0,17.405,45.140,26.606,24.150,22.484,58.313,4,11,2.8,0.4
1292,13649.0,4589.0,229.0,849.0,4541.0,606,31.3,2.6,43.3,15.9,20.1,2.43,32.3,1642.0,18.668,45.881,27.305,24.150,23.857,58.634,11,42,3.8,1.2
1293,14075.0,4940.0,182.0,809.0,2978.0,607,30.0,2.6,43.0,14.3,18.5,2.57,29.7,1263.0,17.969,46.667,27.011,24.850,22.984,59.690,2,11,5.5,0.3
1294,6853.0,3913.0,235.0,608.0,1148.0,701,33.3,2.7,46.9,13.7,26.6,2.29,33.5,1048.0,10.940,25.713,15.334,13.650,12.757,29.983,8,32,4.0,1.1
1295,6777.0,2772.0,257.0,768.0,769.0,702,32.6,3.1,44.4,14.3,20.6,2.47,32.3,1796.0,9.784,24.397,14.240,12.950,11.342,28.283,8,19,2.4,0.8
1296,8520.0,3965.0,254.0,840.0,2441.0,703,34.1,2.9,44.9,13.6,21.9,2.55,30.1,1433.0,13.248,33.935,19.436,16.450,16.020,41.036,8,19,2.4,1.0
1297,5562.0,2812.0,208.0,600.0,377.0,704,31.6,2.6,45.2,14.9,22.7,2.32,38.6,969.0,8.558,20.024,12.146,11.550,9.559,22.366,3,7,2.3,0.5
1298,9526.0,2969.0,242.0,333.0,1117.0,705,32.9,3.1,41.3,17.8,17.1,2.41,29.8,1012.0,11.782,28.515,17.487,15.750,14.188,34.338,4,13,3.3,0.7
1299,5915.0,2891.0,309.0,507.0,622.0,706,32.0,2.9,44.5,15.1,21.7,2.39,37.1,1121.0,9.028,22.191,13.142,11.550,10.245,25.181,1,1,1.0,0.2
1300,7804.0,4036.0,278.0,706.0,1096.0,707,34.0,3.5,46.7,14.2,25.4,2.32,35.2,1079.0,11.729,27.282,16.823,15.050,13.920,32.379,6,21,3.5,1.0
1301,7749.0,5022.0,213.0,958.0,1793.0,708,35.2,3.2,48.1,13.0,27.4,2.34,35.9,744.0,13.316,31.343,18.827,16.450,15.735,37.036,5,14,2.8,1.0
1302,6738.0,3837.0,293.0,817.0,1130.0,709,35.4,3.4,46.6,12.7,24.8,2.17,42.4,1122.0,11.076,24.414,15.178,14.350,12.815,28.249,15,50,3.3,2.3
1303,6970.0,3227.0,245.0,632.0,1002.0,700,33.8,3.0,45.0,13.8,21.5,2.48,32.4,1973.0,10.405,26.146,15.065,13.650,12.075,30.343,7,19,2.7,1.0
1304,8043.0,3130.0,219.0,489.0,1586.0,702,34.4,3.3,44.2,13.7,20.8,2.52,31.7,1089.0,11.264,29.317,16.534,14.350,13.467,35.051,7,25,3.6,1.1
1305,8801.0,3121.0,288.0,637.0,1163.0,703,29.3,2.4,46.1,11.3,22.0,2.18,37.3,945.0,11.914,25.974,16.778,15.750,14.010,30.545,1,6,6.0,0.3
1306,5399.0,3447.0,297.0,873.0,627.0,704,29.7,2.6,46.9,13.7,27.3,2.29,35.6,977.0,9.477,21.636,13.330,12.250,10.642,24.296,2,8,4.0,0.4
1307,7271.0,2729.0,308.0,540.0,651.0,705,32.2,2.8,43.3,18.1,19.9,2.45,30.4,1088.0,9.955,24.457,14.677,12.950,11.500,28.253,1,4,4.0,0.3
1308,7815.0,3993.0,192.0,511.0,1075.0,706,31.4,2.8,46.9,14.2,26.7,2.45,29.2,1843.0,11.609,28.881,16.872,15.750,13.586,33.801,1,5,5.0,0.1
1309,8124.0,3402.0,253.0,603.0,1100.0,707,32.1,2.8,45.0,14.7,22.4,2.42,32.3,1901.0,11.433,27.707,16.451,15.050,13.482,32.671,8,23,2.9,0.6
1310,6548.0,3849.0,220.0,580.0,1424.0,708,33.9,3.2,46.0,12.9,25.2,2.52,28.3,1281.0,10.826,27.343,15.870,12.950,12.621,31.879,9,29,3.2,1.1
1311,9972.0,3590.0,241.0,637.0,1786.0,709,32.6,3.1,44.5,14.9,19.8,2.63,27.9,1574.0,13.279,35.359,19.900,18.550,16.226,43.205,6,16,2.7,0.6
1312,9504.0,4367.0,222.0,640.0,1890.0,700,30.7,2.9,46.2,13.9,24.2,2.5,29.1,1766.0,13.737,34.659,20.165,18.550,16.624,41.941,9,33,3.7,0.9
1313,8274.0,3401.0,277.0,586.0,1074.0,701,28.3,2.6,45.4,16.2,23.5,2.37,33.9,1327.0,11.641,28.308,17.203,16.100,13.613,33.102,5,19,3.8,0.6
1314,7716.0,3509.0,218.0,478.0,1090.0,702,30.4,2.7,45.6,14.5,23.9,2.49,29.3,1453.0,11.123,27.787,16.312,15.050,13.011,32.504,7,26,3.7,0.8
1315,6046.0,4090.0,229.0,488.0,926.0,703,31.5,2.7,47.0,13.7,29.1,2.3,36.4,753.0,10.308,23.998,14.649,12.950,11.779,27.422,2,6,3.0,0.4
1316,7903.0,2542.0,321.0,501.0,719.0,704,32.1,2.8,42.3,18.6,18.0,2.47,31.6,1314.0,10.276,25.493,15.214,13.650,11.986,29.736,2,7,3.5,0.3
1317,5411.0,3670.0,280.0,931.0,515.0,705,31.8,2.7,47.8,13.8,29.1,2.39,27.9,1012.0,9.634,23.331,13.944,12.250,10.807,26.172,12,40,3.3,2.3
1318,6027.0,1930.0,369.0,655.0,329.0,706,35.6,3.5,40.5,19.5,14.3,2.56,33.5,1071.0,8.238,21.370,12.438,10.850,9.310,24.150,1,6,6.0,0.2
1319,3729.0,1416.0,458.0,590.0,159.0,707,32.6,3.4,40.5,15.6,12.0,2.4,38.0,1178.0,5.905,14.534,8.602,8.050,6.353,15.636,2,5,2.5,0.3
1320,5582.0,2918.0,284.0,635.0,584.0,709,32.9,3.2,44.3,16.3,22.0,2.44,32.3,1940.0,8.877,22.028,12.928,11.550,10.002,24.819,2,11,5.5,0.2
1321,5088.0,2474.0,305.0,681.0,356.0,700,34.2,3.6,42.8,16.8,17.3,2.48,35.4,1426.0,8.009,20.117,11.495,10.150,8.904,22.365,9,40,4.4,0.9
1322,4381.0,3939.0,264.0,1090.0,365.0,701,28.0,2.4,49.6,12.4,31.2,2.32,34.2,1034.0,9.173,21.390,13.139,12.250,10.039,23.410,4,18,4.5,0.7
1323,9021.0,5755.0,161.0,775.0,1571.0,702,28.7,2.5,49.6,13.3,32.8,2.42,28.3,1120.0,14.364,34.979,20.922,19.950,17.283,42.087,3,7,2.3,0.5
1324,4872.0,2576.0,340.0,861.0,260.0,706,34.7,3.4,42.7,18.9,20.3,2.6,30.0,1574.0,8.005,21.668,11.816,10.850,8.910,24.117,1,1,1.0,0.1
1325,4220.0,2442.0,352.0,636.0,356.0,707,36.6,3.5,41.5,18.3,18.7,2.71,26.8,1827.0,7.217,19.940,10.731,9.450,8.006,22.121,7,26,3.7,0.8
1326,8795.0,3601.0,188.0,800.0,1394.0,709,27.8,2.4,45.9,12.6,22.4,2.69,19.7,1398.0,12.437,33.591,18.598,17.150,14.778,39.914,0,0,0.0,0.0
1327,7370.0,4149.0,266.0,739.0,1094.0,700,30.0,2.8,47.5,13.8,27.4,2.46,28.2,1258.0,11.732,28.922,17.169,15.750,13.617,33.569,11,41,3.7,2.0
1328,6883.0,3803.0,288.0,883.0,944.0,701,32.4,3.1,45.2,15.5,23.9,2.55,28.0,1058.0,11.089,28.264,16.053,14.350,12.800,32.625,3,7,2.3,0.6
1329,9275.0,2777.0,223.0,807.0,1121.0,702,29.6,2.5,42.9,16.4,16.7,2.54,27.4,2298.0,11.998,30.766,17.620,16.450,14.203,36.421,2,7,3.5,0.2
1330,6432.0,2882.0,287.0,672.0,702.0,801,35.7,3.4,43.6,16.1,20.0,2.28,41.0,819.0,9.596,21.958,13.671,11.550,10.974,25.110,0,0,0.0,0.0
1331,8538.0,5403.0,175.0,596.0,1789.0,802,29.9,3.0,46.8,14.5,28.6,2.45,29.0,821.0,13.705,33.700,20.090,19.250,16.501,40.575,7,15,2.1,2.0
1332,9776.0,4838.0,262.0,583.0,1742.0,803,29.7,2.8,45.7,13.3,23.0,2.55,25.6,825.0,12.525,31.818,21.012,19.950,17.202,43.698,4,11,2.8,0.9
1333,8963.0,3330.0,240.0,686.0,1308.0,804,33.8,3.3,45.0,16.3,21.3,2.36,31.8,1727.0,12.079,28.542,17.800,15.750,14.526,34.326,3,11,3.7,0.4
1334,8434.0,4484.0,195.0,726.0,2552.0,805,31.8,2.9,46.9,15.4,27.9,2.35,32.2,1066.0,13.322,31.322,19.663,17.850,16.392,38.538,1,5,5.0,0.2
1335,9864.0,5246.0,202.0,597.0,3665.0,806,36.8,3.1,47.5,12.4,28.1,2.44,29.4,1077.0,15.502,37.802,22.676,19.250,19.574,47.732,6,19,3.2,1.3
1336,10418.0,4450.0,196.0,542.0,2422.0,807,34.3,3.4,44.8,15.1,21.8,2.66,24.3,1180.0,14.501,38.758,21.666,19.250,18.028,48.184,4,14,3.5,1.0
1337,8571.0,3852.0,206.0,627.0,927.0,808,34.3,3.2,45.3,14.0,22.7,2.31,33.1,895.0,11.953,27.911,17.078,15.750,14.184,33.121,4,18,4.5,0.8
1338,10097.0,3839.0,254.0,724.0,1540.0,809,33.7,3.3,44.5,15.6,20.2,2.53,29.8,858.0,13.490,34.413,20.066,17.850,16.453,41.970,3,5,1.7,0.8
1339,9240.0,1997.0,285.0,503.0,1188.0,800,32.9,3.1,41.0,19.3,14.5,2.58,26.7,2223.0,11.085,28.856,16.854,15.050,13.213,34.395,5,11,2.2,0.5
1340,7190.0,4094.0,198.0,719.0,748.0,802,29.2,2.7,46.7,14.9,26.6,2.39,30.1,1454.0,11.153,26.676,16.180,15.050,12.948,30.968,3,6,2.0,0.5
1341,10031.0,4076.0,240.0,698.0,1901.0,803,31.4,2.9,45.6,14.0,21.4,2.59,25.0,2200.0,13.959,36.419,20.658,18.550,16.946,44.212,3,12,4.0,0.3
1342,9154.0,4483.0,219.0,672.0,1740.0,804,30.9,2.7,47.0,14.0,26.9,2.42,29.9,1758.0,13.543,32.926,19.807,17.850,16.267,39.549,3,7,2.3,0.3
1343,8010.0,3611.0,271.0,657.0,848.0,805,33.0,3.2,44.5,15.6,20.9,2.45,29.3,1120.0,11.452,28.438,16.701,15.750,13.397,33.267,6,15,2.5,1.0
1344,9022.0,2644.0,279.0,727.0,753.0,806,29.7,2.5,43.9,17.0,17.0,2.19,41.7,711.0,11.500,25.364,16.389,14.350,13.425,29.610,5,18,3.6,0.9
1345,7249.0,3423.0,263.0,581.0,745.0,807,31.1,3.0,46.6,13.7,24.9,2.36,34.3,811.0,10.548,25.059,15.245,13.650,12.261,29.130,2,7,3.5,0.5
1346,11224.0,3472.0,207.0,571.0,1547.0,808,29.3,2.7,42.9,19.0,18.6,2.56,27.1,2314.0,13.859,35.537,20.784,18.550,17.021,43.643,6,14,2.3,0.6
1347,11212.0,2498.0,208.0,725.0,1322.0,809,27.7,2.3,41.7,19.0,14.7,2.66,21.6,1665.0,13.206,35.370,19.965,18.550,15.965,42.761,0,0,0.0,0.0
1348,10140.0,2184.0,273.0,669.0,998.0,800,27.6,2.5,41.8,14.7,13.5,2.73,19.4,1873.0,11.975,32.971,18.132,17.850,14.264,39.273,0,0,0.0,0.0
1349,7073.0,2407.0,325.0,566.0,797.0,801,28.5,2.3,41.2,18.7,17.2,2.71,22.9,1475.0,9.683,26.489,14.674,13.650,11.167,30.550,0,0,0.0,0.0
1350,7308.0,4243.0,202.0,816.0,1793.0,802,30.0,2.6,45.7,16.0,26.4,2.52,27.3,1440.0,12.223,30.905,17.964,16.450,14.362,36.313,2,5,2.5,0.3
1351,7615.0,3129.0,246.0,614.0,665.0,803,28.4,2.5,44.6,14.8,21.9,2.55,23.2,998.0,10.583,27.198,15.692,15.050,12.269,31.529,0,0,0.0,0.0
1352,10096.0,3271.0,281.0,584.0,1663.0,804,29.2,2.4,43.9,13.1,15.9,2.57,23.8,1446.0,13.166,33.958,19.273,17.850,15.896,40.998,18,74,4.1,3.6
1353,7075.0,2907.0,266.0,505.0,792.0,805,30.4,2.9,43.8,14.5,20.4,2.37,29.7,899.0,10.101,24.492,14.521,13.650,11.545,27.995,0,0,0.0,0.0
1354,6730.0,5160.0,241.0,778.0,1228.0,806,29.2,2.6,48.7,13.3,32.3,2.39,31.5,1441.0,12.157,29.307,17.580,16.450,14.136,34.076,1,6,6.0,0.1
1355,9511.0,2774.0,270.0,710.0,1165.0,807,29.3,2.5,42.6,18.3,19.4,2.53,26.9,1506.0,12.216,30.952,18.295,17.150,14.430,36.563,4,15,3.8,0.7
1356,8564.0,4725.0,242.0,502.0,1451.0,808,29.4,2.5,47.8,12.8,27.5,2.45,24.0,756.0,12.932,31.953,18.963,17.850,15.484,38.257,0,0,0.0,0.0
1357,9696.0,3023.0,236.0,673.0,1736.0,809,26.3,2.5,41.6,17.4,18.8,2.41,29.2,1318.0,12.912,31.096,19.037,17.150,15.363,37.001,1,2,2.0,0.2
1358,10117.0,3072.0,271.0,621.0,1393.0,800,27.2,2.5,42.6,16.6,15.8,2.74,19.2,1896.0,12.927,35.640,19.576,18.550,15.474,42.662,1,2,2.0,0.2
1359,9751.0,2668.0,236.0,501.0,1237.0,801,31.7,2.9,42.9,17.1,17.1,2.54,26.7,1730.0,12.030,30.682,17.877,16.450,14.393,36.708,3,6,2.0,0.4
1360,8303.0,2693.0,296.0,571.0,749.0,802,32.7,3.2,42.6,16.1,17.8,2.47,29.8,1847.0,10.780,26.819,15.820,15.050,12.611,31.375,2,5,2.5,0.2
1361,9616.0,5458.0,178.0,827.0,2223.0,803,30.1,2.6,48.4,11.6,27.7,2.44,29.0,1644.0,15.135,36.973,22.006,20.650,18.303,44.714,5,29,5.8,0.9
1362,8529.0,2733.0,251.0,722.0,814.0,804,28.3,2.4,42.8,15.0,17.1,2.57,24.4,1596.0,11.145,28.885,16.563,15.750,13.050,33.824,0,0,0.0,0.0
1363,9316.0,2059.0,250.0,601.0,793.0,805,27.0,2.2,39.9,20.2,13.7,2.68,20.7,2227.0,10.939,29.361,16.778,15.750,13.019,34.943,0,0,0.0,0.0
1364,7558.0,5378.0,215.0,811.0,1360.0,806,29.3,2.7,49.7,12.0,33.0,2.45,22.9,1230.0,12.994,31.924,19.046,17.150,15.322,37.642,1,1,1.0,0.2
1365,8372.0,5025.0,242.0,766.0,1599.0,807,29.6,2.6,47.5,10.7,26.1,2.57,22.0,1425.0,13.524,34.946,19.829,17.850,16.006,41.358,0,0,0.0,0.0
1366,11064.0,4101.0,189.0,883.0,1410.0,808,27.7,2.4,45.4,11.9,19.0,2.75,16.5,1471.0,14.576,40.172,21.639,20.650,17.648,48.639,0,0,0.0,0.0
1367,6374.0,3313.0,318.0,610.0,609.0,809,27.2,2.4,44.9,14.3,23.9,2.48,25.5,1058.0,9.907,24.580,14.447,13.650,11.223,27.845,0,0,0.0,0.0
1368,8809.0,4003.0,232.0,609.0,1418.0,800,32.9,2.9,45.8,13.1,24.7,2.24,37.1,990.0,12.648,28.642,18.084,16.450,15.070,34.127,2,2,1.0,0.3
1369,8503.0,4219.0,250.0,550.0,1105.0,801,28.9,2.5,46.3,14.6,26.6,2.47,24.0,1257.0,12.271,30.375,18.092,16.450,14.627,36.207,2,4,2.0,0.4
1370,12374.0,2006.0,210.0,506.0,1445.0,802,28.6,2.4,39.1,23.8,10.7,2.73,22.1,2402.0,13.365,36.920,20.531,19.250,16.541,45.696,0,0,0.0,0.0
1371,9556.0,4278.0,235.0,829.0,1939.0,901,34.7,3.5,46.0,13.2,23.6,2.49,32.5,1286.0,13.786,34.547,20.318,18.550,16.838,42.194,6,21,3.5,1.0
1372,8305.0,6059.0,197.0,858.0,2816.0,902,31.8,3.1,49.7,11.6,32.9,2.24,35.1,1047.0,14.984,33.929,21.526,19.950,18.235,41.289,3,11,3.7,0.5
1373,9774.0,3993.0,259.0,695.0,1582.0,903,34.7,3.1,45.8,12.6,24.2,2.3,32.0,1118.0,13.527,31.282,19.495,16.450,16.304,37.702,6,30,5.0,1.1
1374,7483.0,3596.0,284.0,564.0,1289.0,904,36.2,3.4,45.4,13.7,23.1,2.45,30.9,1013.0,11.243,27.718,16.534,14.350,13.216,32.583,13,61,4.7,3.7
1375,8171.0,2396.0,301.0,462.0,972.0,905,33.8,3.1,42.1,15.5,16.0,2.45,32.2,2054.0,10.491,25.943,15.443,13.650,12.301,30.418,9,31,3.4,0.9
1376,6719.0,3140.0,278.0,506.0,666.0,907,34.5,3.3,43.9,15.5,21.4,2.6,28.3,1624.0,9.739,25.855,14.456,12.250,11.309,30.023,1,2,2.0,0.2
1377,6779.0,3570.0,267.0,672.0,858.0,908,33.5,3.3,45.3,13.5,21.9,2.45,30.4,958.0,10.440,25.526,15.062,13.650,12.147,29.699,5,17,3.4,1.2
1378,9171.0,2763.0,224.0,618.0,1436.0,909,33.2,2.8,42.4,17.4,16.1,2.41,32.5,1714.0,11.885,29.116,17.302,15.050,14.211,34.813,3,13,4.3,0.3
1379,8695.0,2998.0,206.0,497.0,1592.0,900,33.2,2.7,45.4,15.0,22.8,2.29,35.9,1638.0,11.666,27.131,16.942,15.050,13.988,32.532,4,16,4.0,0.7
1380,7265.0,3045.0,232.0,539.0,691.0,902,32.8,3.3,42.5,16.7,19.2,2.51,28.9,1199.0,10.093,25.468,14.787,13.650,11.772,29.705,2,6,3.0,0.3
1381,5661.0,2702.0,269.0,661.0,537.0,903,32.8,3.1,43.5,15.4,21.7,2.53,33.2,1781.0,8.691,22.366,12.821,11.550,9.830,25.297,5,19,3.8,0.6
1382,9660.0,1908.0,261.0,674.0,792.0,905,32.7,3.3,39.7,18.9,12.6,2.54,29.2,1176.0,11.198,28.743,16.727,15.050,13.295,34.126,2,10,5.0,0.4
1383,6249.0,3774.0,264.0,608.0,1131.0,906,35.4,3.2,45.4,13.8,24.2,2.43,33.1,1410.0,10.332,25.412,14.935,13.650,12.026,29.578,4,17,4.3,0.5
1384,8178.0,2787.0,202.0,559.0,1059.0,907,25.5,2.2,43.9,18.0,21.5,2.7,19.5,929.0,10.963,29.664,16.573,15.750,12.784,34.593,0,0,0.0,0.0
1385,8232.0,2155.0,295.0,539.0,825.0,908,33.0,2.7,40.7,19.2,15.5,2.71,23.4,1760.0,10.278,28.008,15.620,13.650,12.046,32.824,1,2,2.0,0.1
1386,6799.0,3325.0,265.0,668.0,695.0,909,32.9,2.9,44.6,16.0,23.2,2.54,26.3,1295.0,10.047,25.931,14.964,13.650,11.751,30.327,2,6,3.0,0.4
1387,8263.0,3110.0,296.0,674.0,775.0,900,28.1,2.4,44.3,13.3,17.8,2.7,21.7,1739.0,11.259,30.506,16.676,15.750,13.119,35.544,1,3,3.0,0.2
1388,9118.0,3000.0,284.0,738.0,935.0,901,25.8,2.2,44.4,14.4,17.0,2.66,19.3,1966.0,11.960,31.779,17.914,16.450,14.076,37.401,0,0,0.0,0.0
1389,6209.0,4099.0,258.0,799.0,1165.0,902,32.6,2.7,47.5,13.0,28.8,2.48,26.7,1238.0,10.895,27.281,15.849,13.650,12.529,31.375,5,21,4.2,0.9
1390,6403.0,4807.0,269.0,826.0,1450.0,903,31.6,2.8,48.5,13.5,30.6,2.54,25.8,1244.0,11.775,30.028,17.351,15.050,13.754,35.075,3,4,1.3,0.6
1391,8007.0,3822.0,314.0,707.0,1137.0,904,33.0,3.0,45.9,13.2,22.4,2.51,27.6,983.0,11.743,29.600,17.164,15.750,13.987,35.257,3,5,1.7,0.7
1392,9321.0,3222.0,237.0,732.0,1363.0,905,36.4,3.4,42.5,16.6,17.5,2.75,24.2,1432.0,12.271,34.193,18.506,15.750,14.875,41.448,6,22,3.7,0.8
1393,6697.0,2474.0,323.0,548.0,499.0,906,33.3,3.0,42.6,16.0,19.0,2.5,32.3,1682.0,9.244,23.278,13.528,12.250,10.540,26.542,3,11,3.7,0.3
1394,9124.0,4031.0,252.0,826.0,881.0,908,26.6,2.3,46.6,11.2,21.3,2.59,19.4,1882.0,12.814,33.275,18.889,17.850,15.114,39.247,3,5,1.7,0.4
1395,8778.0,3238.0,307.0,781.0,937.0,909,27.8,2.3,45.5,11.8,18.5,2.48,24.8,1131.0,11.913,29.626,17.539,15.750,14.041,34.917,1,2,2.0,0.2
1396,6823.0,3242.0,260.0,730.0,759.0,900,28.9,2.4,45.4,15.4,20.9,2.53,25.2,1869.0,10.286,26.207,15.141,14.350,11.813,30.100,4,16,4.0,0.4
1397,10098.0,1961.0,247.0,496.0,1891.0,901,29.5,2.4,40.9,18.3,13.8,2.52,27.8,1938.0,12.317,31.230,18.201,15.750,14.694,37.255,0,0,0.0,0.0
1398,6361.0,2533.0,265.0,568.0,818.0,902,33.6,3.1,42.2,16.7,18.0,2.6,27.5,1002.0,9.204,23.994,13.745,12.250,10.547,27.494,0,0,0.0,0.0
1399,6465.0,2778.0,289.0,543.0,699.0,903,30.7,3.0,44.8,14.2,23.4,2.32,35.6,790.0,9.487,22.214,13.550,12.950,10.774,25.227,1,3,3.0,0.2
1400,5144.0,3170.0,392.0,737.0,428.0,904,30.7,2.8,46.1,13.6,22.2,2.19,39.8,748.0,8.847,19.680,12.400,11.550,9.871,21.959,0,0,0.0,0.0
1401,5856.0,4674.0,233.0,866.0,949.0,905,28.4,2.5,48.3,11.9,31.8,2.51,24.3,1022.0,10.889,27.993,16.006,15.050,12.578,32.335,0,0,0.0,0.0
1402,7355.0,4271.0,218.0,734.0,749.0,906,27.4,2.2,48.2,10.2,25.7,2.61,18.0,767.0,11.495,30.053,16.929,16.450,13.327,34.840,0,0,0.0,0.0
1403,5185.0,3128.0,367.0,646.0,522.0,907,31.3,3.1,46.3,13.1,25.9,2.42,28.7,903.0,8.866,21.406,12.712,12.250,9.848,23.778,0,0,0.0,0.0
1404,9649.0,1572.0,286.0,502.0,1012.0,908,32.5,2.9,37.0,25.2,10.9,2.51,29.9,2161.0,10.825,27.372,16.573,14.350,13.021,32.925,8,17,2.1,0.8
1405,7794.0,2439.0,277.0,703.0,681.0,909,30.0,2.6,42.7,15.4,16.5,2.45,28.6,1642.0,10.308,25.552,15.144,14.350,11.893,29.482,6,15,2.5,1.0
1406,5698.0,5049.0,204.0,874.0,1218.0,900,29.4,2.5,50.7,10.9,37.6,2.26,30.0,909.0,11.473,25.871,16.186,15.050,13.042,29.410,0,0,0.0,0.0
1407,9161.0,3408.0,260.0,492.0,2060.0,901,35.9,3.7,43.8,14.4,19.3,2.62,28.2,1635.0,12.055,32.140,18.670,16.450,15.382,41.010,10,43,4.3,1.5
1408,8701.0,2934.0,263.0,881.0,825.0,902,27.0,2.4,44.6,13.4,18.3,2.59,22.6,1413.0,11.575,30.158,17.301,16.450,13.604,35.447,0,0,0.0,0.0
1409,9827.0,5076.0,252.0,605.0,5205.0,1001,37.1,3.3,45.8,16.6,26.3,2.45,33.3,1949.0,16.445,40.563,24.422,19.950,20.965,51.710,19,78,4.1,1.7
1410,7565.0,3790.0,283.0,590.0,1665.0,1002,33.7,3.1,44.9,16.1,22.1,2.41,33.7,1543.0,11.719,28.681,17.173,15.050,13.892,34.000,12,47,3.9,1.5
1411,7580.0,2153.0,383.0,529.0,933.0,1003,35.8,3.2,42.1,16.7,17.0,2.5,30.7,1978.0,9.815,24.806,14.620,12.250,11.579,29.265,19,63,3.3,2.2
1412,6993.0,3447.0,243.0,633.0,1031.0,1004,32.2,2.9,44.2,15.9,21.7,2.55,29.3,1282.0,10.667,27.466,15.638,14.350,12.347,31.792,9,31,3.4,1.5
1413,7266.0,5082.0,207.0,682.0,1754.0,1005,33.9,3.1,49.2,13.5,32.9,2.39,31.5,1380.0,12.680,30.879,18.602,16.450,14.990,36.505,5,17,3.4,0.7
1414,6690.0,2671.0,258.0,585.0,883.0,1006,37.2,3.5,43.2,16.2,18.9,2.44,35.8,1331.0,9.566,23.595,14.050,11.550,11.086,27.345,10,41,4.1,1.2
1415,6933.0,2915.0,265.0,540.0,1233.0,1007,35.2,3.2,42.9,15.6,19.0,2.63,26.4,2081.0,10.101,26.945,15.046,12.950,11.886,31.706,16,53,3.3,2.0
1416,5439.0,3628.0,321.0,757.0,710.0,1008,31.9,2.6,46.8,13.6,25.4,2.37,32.1,1720.0,9.602,22.909,13.645,12.950,10.855,25.899,8,27,3.4,0.9
1417,5760.0,2984.0,355.0,724.0,684.0,1009,32.5,3.0,46.5,12.5,23.7,2.28,36.4,1067.0,9.275,21.506,13.432,12.250,10.507,24.364,3,11,3.7,0.6
1418,8618.0,4363.0,213.0,753.0,1785.0,1010,32.8,3.2,45.6,15.5,25.4,2.51,29.4,1135.0,12.989,32.973,19.429,17.850,15.732,39.934,8,30,3.8,1.6
1419,7402.0,5038.0,154.0,766.0,1674.0,1011,32.0,2.9,49.3,11.8,31.4,2.32,31.6,939.0,12.805,29.868,18.439,17.150,15.034,35.067,5,19,3.8,0.8
1420,7468.0,4318.0,229.0,719.0,1814.0,1012,34.6,3.2,47.2,13.0,27.2,2.38,35.4,846.0,12.263,29.390,17.623,15.750,14.548,34.866,3,10,3.3,0.6
1421,8511.0,1839.0,346.0,455.0,1133.0,1013,36.6,3.3,40.9,17.2,13.3,2.48,35.3,1682.0,10.279,26.343,15.391,13.650,12.284,31.480,39,149,3.8,3.4
1422,8470.0,3287.0,243.0,463.0,1752.0,1014,34.3,3.4,45.2,13.2,22.0,2.35,32.7,1129.0,11.859,27.986,17.127,15.750,14.215,33.548,6,19,3.2,1.1
1423,6542.0,3123.0,230.0,753.0,1068.0,1015,35.6,3.6,44.4,14.7,22.1,2.4,33.6,958.0,10.059,24.572,14.720,13.300,11.715,28.617,7,23,3.3,1.2
1424,7062.0,3431.0,294.0,686.0,1446.0,1016,34.5,3.2,45.3,14.3,23.8,2.4,33.8,1346.0,11.088,26.899,16.021,13.650,12.920,31.343,13,43,3.3,1.6
1425,6750.0,2752.0,316.0,564.0,1043.0,1017,30.0,2.7,44.5,16.1,21.6,2.51,32.2,1209.0,9.850,24.875,14.633,13.650,11.425,28.854,10,29,2.9,1.4
1426,8594.0,2866.0,269.0,489.0,1655.0,1018,33.4,3.3,42.4,18.0,19.2,2.8,20.7,1612.0,11.535,32.764,17.661,15.750,13.872,39.403,11,51,4.6,1.4
1427,6514.0,2990.0,292.0,578.0,1294.0,1019,33.8,3.3,44.9,13.5,22.9,2.5,29.7,1403.0,10.074,25.631,14.866,13.650,11.669,29.689,24,59,2.5,3.2
1428,6270.0,2374.0,337.0,599.0,852.0,1021,33.6,3.4,42.7,16.3,17.6,2.53,31.5,1721.0,9.034,23.067,13.426,11.550,10.432,26.636,11,25,2.3,1.4
1429,8978.0,3705.0,235.0,493.0,1826.0,1022,32.5,3.1,44.1,16.2,20.6,2.53,27.0,2084.0,12.540,32.347,18.767,17.150,15.237,39.303,6,14,2.3,0.5
1430,8779.0,5209.0,239.0,457.0,1656.0,1023,31.0,2.7,46.5,13.7,25.8,2.57,23.9,1248.0,13.443,34.513,19.834,17.850,16.340,41.951,0,0,0.0,0.0
1431,7199.0,3532.0,301.0,535.0,1014.0,1024,30.7,2.9,44.3,16.7,23.5,2.51,29.1,2192.0,10.757,27.347,15.900,15.050,12.581,31.984,3,10,3.3,0.3
1432,10430.0,2518.0,270.0,596.0,1057.0,1025,28.3,2.5,40.0,18.7,15.4,2.42,31.8,1256.0,12.567,30.526,18.526,17.150,14.871,36.124,1,2,2.0,0.2
1433,8368.0,3991.0,203.0,578.0,1495.0,1026,28.5,2.5,45.8,15.4,25.8,2.54,24.4,1843.0,12.277,31.186,18.187,17.150,14.635,37.178,5,12,2.4,0.6
1434,8193.0,4308.0,312.0,529.0,1070.0,1027,28.8,2.6,46.5,14.3,26.6,2.47,25.6,997.0,12.153,30.080,17.820,16.450,14.412,35.671,0,0,0.0,0.0
1435,7385.0,3495.0,299.0,552.0,1391.0,1028,30.1,2.7,45.2,17.1,25.9,2.44,27.4,1291.0,11.249,27.411,16.441,15.050,13.121,31.973,1,2,2.0,0.1
1436,8047.0,2409.0,284.0,540.0,616.0,1029,27.3,2.4,41.5,18.4,17.1,2.69,19.6,1937.0,10.251,27.637,15.601,15.050,11.896,32.073,0,0,0.0,0.0
1437,5592.0,2570.0,278.0,547.0,965.0,1030,33.5,3.1,43.2,17.4,20.9,2.52,28.0,1020.0,8.740,22.262,13.039,11.550,9.952,25.349,6,16,2.7,1.3
1438,6364.0,2811.0,331.0,541.0,748.0,1031,30.0,2.6,44.1,15.5,21.9,2.61,24.2,1897.0,9.444,24.765,13.940,12.950,10.795,28.306,0,0,0.0,0.0
1439,7271.0,3124.0,304.0,618.0,866.0,1032,31.8,2.9,45.2,13.9,21.1,2.51,27.6,1594.0,10.490,26.250,15.412,14.350,12.183,30.487,5,26,5.2,0.7
1440,4229.0,2391.0,322.0,847.0,306.0,1033,34.9,3.8,43.1,18.0,20.3,2.83,23.1,1287.0,7.354,21.144,11.188,10.150,8.095,23.274,0,0,0.0,0.0
1441,4021.0,2566.0,357.0,729.0,259.0,1034,32.4,3.1,44.4,15.6,23.6,2.8,25.3,1621.0,7.236,20.816,11.003,10.150,7.931,22.817,2,16,8.0,0.4
1442,5195.0,2630.0,316.0,767.0,397.0,1035,36.9,4.2,43.2,16.3,20.5,2.82,21.9,1149.0,8.246,23.251,12.367,10.850,9.305,26.235,6,18,3.0,1.1
1443,3333.0,2713.0,298.0,688.0,246.0,1036,36.5,3.9,43.5,18.2,22.8,2.87,21.7,965.0,6.669,19.579,10.083,9.450,7.278,21.368,12,34,2.8,2.8
1444,4218.0,3439.0,306.0,708.0,453.0,1037,34.3,3.4,46.5,13.6,26.9,2.53,30.2,1089.0,8.302,21.283,12.078,10.850,9.124,23.390,11,46,4.2,2.8
1445,8441.0,2556.0,318.0,784.0,1091.0,1039,31.3,2.8,43.2,17.8,17.9,2.64,22.4,1473.0,11.195,29.676,17.022,15.750,13.190,34.966,1,4,4.0,0.1
1446,15767.0,2121.0,211.0,485.0,4649.0,1040,33.8,3.1,37.6,23.9,10.4,2.59,27.2,2677.0,17.756,46.337,27.315,24.850,23.232,60.628,22,96,4.4,1.9
1447,5318.0,3214.0,210.0,568.0,1659.0,1041,39.7,4.8,46.6,16.7,26.6,2.72,29.5,831.0,9.437,26.638,14.002,11.550,10.969,30.961,12,31,2.6,2.3
1448,7840.0,4295.0,319.0,774.0,992.0,1043,29.3,2.5,47.0,13.3,27.4,2.61,21.1,826.0,12.126,31.596,17.980,17.150,14.219,37.051,1,2,2.0,0.2
1449,7369.0,3633.0,312.0,783.0,1211.0,1044,32.4,3.1,44.7,15.1,21.8,2.52,29.8,1218.0,11.390,28.741,16.798,15.750,13.308,33.581,2,7,3.5,0.4
1450,8092.0,5610.0,233.0,648.0,2532.0,1045,35.8,3.7,48.9,13.3,32.0,2.31,34.7,821.0,14.139,33.072,20.348,17.850,17.114,40.032,2,6,3.0,0.4
1451,8439.0,5617.0,209.0,592.0,2497.0,1046,33.7,3.1,49.8,13.4,32.4,2.41,31.0,888.0,14.189,34.671,20.862,17.150,17.354,42.405,3,4,1.3,0.5
1452,8631.0,4306.0,216.0,512.0,1893.0,1047,30.3,2.6,44.7,18.3,24.2,2.64,21.5,1288.0,13.024,34.623,19.506,17.850,15.558,41.359,0,0,0.0,0.0
1453,9511.0,2342.0,224.0,514.0,1133.0,1048,25.6,2.4,41.6,17.2,12.4,2.76,18.4,1378.0,11.574,31.921,17.558,16.450,13.724,37.851,3,5,1.7,0.5
1454,8453.0,2691.0,258.0,718.0,690.0,1049,26.3,2.2,43.1,17.2,19.4,2.56,23.6,1487.0,10.918,28.279,16.412,15.050,12.809,33.179,0,0,0.0,0.0
1455,8065.0,3539.0,330.0,449.0,1071.0,1050,28.3,2.3,43.9,17.2,21.2,2.51,26.8,1220.0,11.381,28.688,16.751,15.750,13.453,33.912,5,16,3.2,0.8
1456,9011.0,2471.0,283.0,491.0,1310.0,1051,27.8,2.5,41.8,18.9,16.9,2.59,23.2,1283.0,11.418,29.565,17.003,16.450,13.565,35.126,4,5,1.3,0.7
1457,13897.0,2833.0,207.0,744.0,2992.0,1052,29.9,2.6,40.3,20.7,12.7,2.76,21.5,2092.0,16.272,45.390,25.396,23.450,20.674,57.668,6,27,4.5,0.6
1458,13607.0,2598.0,171.0,512.0,2739.0,1053,34.2,3.1,39.7,19.5,11.1,2.47,31.7,2209.0,15.333,38.305,22.961,21.350,19.626,49.032,25,83,3.3,1.8
1459,10456.0,2046.0,303.0,603.0,1451.0,1054,34.4,2.9,40.1,17.9,15.1,2.3,37.4,1713.0,12.232,28.496,17.948,15.750,14.859,34.617,15,63,4.2,1.6
1460,6841.0,1825.0,283.0,542.0,837.0,1101,36.4,3.2,40.3,17.8,13.0,2.64,29.2,1284.0,8.874,24.294,13.510,11.550,10.326,28.270,19,78,4.1,2.9
1461,5953.0,1943.0,285.0,553.0,746.0,1102,39.4,4.1,40.2,18.5,14.5,2.57,33.2,1461.0,8.256,21.732,12.296,10.150,9.480,24.955,27,88,3.3,3.4
1462,9887.0,3341.0,214.0,590.0,1633.0,1104,33.2,3.0,43.8,17.5,21.6,2.5,27.8,1266.0,12.792,32.941,19.106,17.150,15.666,40.342,21,88,4.2,3.5
1463,8848.0,3002.0,284.0,510.0,1386.0,1105,32.8,3.0,42.6,17.4,18.0,2.5,30.7,1693.0,11.817,29.659,17.620,15.050,14.031,35.215,23,104,4.5,2.3
1464,10162.0,4294.0,269.0,595.0,2004.0,1106,31.1,2.7,45.5,15.4,22.4,2.41,33.5,1136.0,14.105,34.281,21.030,19.250,17.324,42.105,35,135,3.9,6.2
1465,7090.0,2938.0,283.0,500.0,967.0,1108,37.2,3.9,44.0,15.4,20.1,2.3,37.0,1981.0,10.034,23.618,14.414,12.950,11.778,27.722,9,36,4.0,1.9
1466,10885.0,2552.0,220.0,629.0,1487.0,1109,33.6,2.9,40.5,20.7,14.9,2.57,28.2,2310.0,12.774,32.945,19.309,17.150,15.772,40.677,26,100,3.8,2.7
1467,0.0,0.0,0.0,0.0,0.0,1110,0.0,0.0,0.0,0.0,0.0,0.0,0.0,0.0,0,0,0,0,0,0,57,226,4.0,5.1
1468,8265.0,3735.0,255.0,584.0,1624.0,1111,35.6,3.2,45.0,15.4,22.0,2.37,35.4,1498.0,12.060,29.145,17.562,15.050,14.463,34.953,46,208,4.5,4.5
1469,8387.0,4982.0,259.0,456.0,1456.0,1112,29.3,2.4,48.7,11.4,28.5,2.32,35.5,705.0,13.014,30.454,18.747,16.450,15.541,36.368,45,198,4.4,10.2
1470,5977.0,2962.0,262.0,518.0,720.0,1113,40.2,4.8,42.0,19.4,20.1,2.48,35.8,1122.0,9.067,22.688,13.140,10.850,10.440,26.123,39,218,5.6,7.8
1471,9118.0,4515.0,290.0,757.0,1762.0,1115,33.0,3.1,48.5,13.5,28.3,2.24,37.8,855.0,13.618,30.936,19.637,17.850,16.442,37.351,22,89,4.0,3.7
1472,7153.0,2765.0,360.0,432.0,726.0,1117,32.9,3.3,43.6,15.4,18.3,2.39,34.7,786.0,9.736,23.956,14.383,13.650,11.435,28.138,32,124,3.9,5.4
1473,7651.0,3589.0,262.0,569.0,1125.0,1118,34.7,3.4,46.1,15.6,24.8,2.29,36.2,854.0,11.125,25.907,16.262,15.050,13.197,30.731,19,76,4.0,3.9
1474,7127.0,3929.0,338.0,755.0,1777.0,1119,34.7,3.3,47.9,12.0,27.3,2.11,45.4,890.0,11.701,25.799,16.449,14.350,13.926,30.707,49,273,5.6,5.6
1475,6870.0,3132.0,251.0,746.0,1754.0,1121,38.7,4.3,44.9,14.9,21.0,2.21,41.0,1199.0,10.645,24.209,15.111,12.950,12.753,29.002,38,163,4.3,3.8
1476,6209.0,2849.0,280.0,689.0,992.0,1122,45.3,4.8,41.5,20.8,18.8,2.38,40.9,930.0,9.312,23.393,13.249,10.850,11.018,27.681,58,228,3.9,7.7
1477,4474.0,2541.0,344.0,758.0,1028.0,1124,41.0,4.8,43.0,16.1,18.9,2.56,31.0,808.0,8.091,21.118,11.797,10.150,9.145,23.869,38,144,3.8,4.8
1478,6034.0,3489.0,315.0,690.0,568.0,1126,31.6,3.0,46.7,14.8,26.8,2.38,32.0,1447.0,9.734,23.281,14.200,13.650,11.097,26.542,9,42,4.7,1.9
1479,0.0,0.0,0.0,0.0,0.0,1127,0.0,0.0,0.0,0.0,0.0,0.0,0.0,0.0,0,0,0,0,0,0,11,43,3.9,2.1
1480,7359.0,3711.0,301.0,591.0,905.0,1128,33.0,2.6,47.0,14.7,26.6,2.27,32.9,655.0,10.868,26.130,15.872,13.650,12.868,30.938,9,36,4.0,2.8
1481,8109.0,3024.0,262.0,823.0,573.0,1129,34.5,2.8,45.0,16.4,23.1,2.38,36.5,768.0,10.730,25.883,15.851,12.950,12.791,30.855,16,64,4.0,4.3
1482,7079.0,3433.0,345.0,598.0,765.0,1130,31.8,2.7,44.8,14.3,21.5,2.31,35.6,1245.0,10.557,24.479,15.391,13.650,12.220,28.334,31,138,4.5,3.6
1483,8649.0,3448.0,287.0,730.0,874.0,1131,31.6,2.7,45.7,14.0,23.4,2.36,32.2,939.0,11.736,27.965,17.006,15.050,13.988,33.331,32,118,3.7,4.9
1484,5066.0,2332.0,379.0,605.0,637.0,1132,42.8,4.8,41.5,16.7,16.0,2.57,30.2,1022.0,7.829,21.238,11.335,9.450,9.018,24.463,11,42,3.8,3.3
1485,8829.0,3869.0,299.0,743.0,897.0,1133,29.1,2.6,45.5,15.4,23.1,2.6,22.2,1772.0,12.354,32.401,18.490,17.150,14.638,38.389,17,74,4.4,2.3
1486,8028.0,4302.0,301.0,889.0,1046.0,1134,29.2,2.6,48.6,11.3,26.0,2.34,30.1,1492.0,12.355,29.386,17.958,16.450,14.567,34.645,21,92,4.4,2.4
1487,7123.0,3619.0,297.0,854.0,612.0,1135,33.8,3.1,46.7,11.4,20.5,2.39,30.7,1013.0,10.813,26.102,15.595,14.350,12.506,30.189,23,115,5.0,3.9
1488,5946.0,2599.0,294.0,505.0,470.0,1136,32.6,3.0,43.9,14.4,20.0,2.43,33.6,898.0,8.642,21.496,12.606,11.550,9.813,24.409,11,33,3.0,2.7
1489,5335.0,3742.0,257.0,725.0,550.0,1137,34.1,3.2,44.9,17.0,23.7,2.27,39.8,834.0,9.333,21.279,13.188,11.550,10.609,24.189,13,58,4.5,2.1
1490,9000.0,3140.0,218.0,625.0,2044.0,1138,38.2,3.7,45.2,14.3,21.6,2.45,28.3,1450.0,12.363,30.731,18.423,15.750,15.027,37.355,64,359,5.6,8.1
1491,6443.0,3321.0,298.0,650.0,735.0,1139,31.8,2.8,45.6,13.7,24.6,2.25,35.1,1254.0,9.970,22.654,14.263,13.300,11.447,26.010,23,109,4.7,3.0
1492,12417.0,3676.0,226.0,825.0,1681.0,1140,30.0,2.4,43.6,14.1,16.6,2.63,25.9,1184.0,15.271,40.184,22.797,19.950,18.825,49.536,14,41,2.9,2.3
1493,9949.0,3305.0,253.0,648.0,825.0,1141,31.5,2.7,43.2,16.4,19.9,2.39,29.0,2379.0,12.395,30.354,18.387,16.450,14.980,36.684,8,50,6.3,0.6
1494,3884.0,2387.0,335.0,664.0,219.0,1142,37.9,4.8,44.1,17.0,20.7,2.54,32.7,1278.0,6.815,18.493,9.944,9.450,7.489,20.323,21,92,4.4,3.1
1495,6503.0,2502.0,289.0,376.0,479.0,1144,38.5,3.8,40.6,19.1,16.7,2.78,26.2,968.0,8.549,24.380,13.278,11.550,10.149,28.941,4,12,3.0,0.7
1496,5141.0,2695.0,271.0,725.0,301.0,1145,36.4,3.5,43.7,17.1,20.4,2.44,30.1,958.0,8.044,19.813,11.977,9.450,9.133,22.497,7,21,3.0,2.1
1497,6208.0,2598.0,359.0,756.0,487.0,1146,35.4,3.2,43.2,17.1,20.8,2.56,29.8,1399.0,9.061,23.592,13.389,11.550,10.409,27.102,11,47,4.3,1.8
1498,5869.0,2685.0,190.0,528.0,1047.0,1147,37.0,3.5,42.6,20.3,20.0,2.56,27.0,1363.0,8.772,22.999,13.209,10.850,10.317,27.050,7,19,2.7,0.6
1499,6179.0,2442.0,269.0,559.0,346.0,1148,32.9,3.0,42.4,18.0,19.9,2.71,25.0,1225.0,8.494,23.403,12.650,11.550,9.796,26.989,1,6,6.0,0.2
1500,6361.0,4419.0,273.0,812.0,855.0,1150,28.0,2.3,48.6,10.7,28.6,2.37,27.9,1282.0,11.111,26.498,15.877,15.050,12.720,30.336,12,58,4.8,1.8
1501,10882.0,4158.0,263.0,670.0,1410.0,1151,29.5,2.6,46.4,13.6,25.3,2.51,23.4,1103.0,14.079,35.539,21.083,18.550,17.383,43.881,4,22,5.5,0.7
1502,12739.0,3110.0,196.0,685.0,2754.0,1152,30.4,2.5,42.0,16.3,14.9,2.77,19.1,1911.0,15.284,42.548,23.316,19.950,19.485,54.244,5,22,4.4,0.5
1503,8731.0,2232.0,263.0,674.0,817.0,1153,27.5,2.3,40.4,20.2,13.0,2.68,22.3,1756.0,10.871,29.231,16.419,15.050,12.717,34.193,14,47,3.4,1.9
1504,9179.0,2237.0,274.0,840.0,1228.0,1154,30.0,2.5,40.8,20.5,14.2,2.65,24.7,1168.0,11.453,30.699,17.459,15.750,13.758,36.876,7,14,2.0,1.6
1505,6189.0,3140.0,233.0,640.0,988.0,1201,34.6,2.9,45.5,12.3,23.0,2.27,35.6,1846.0,9.734,22.430,13.840,11.550,11.191,25.788,13,39,3.0,1.9
1506,8529.0,3272.0,298.0,591.0,1237.0,1202,33.6,3.3,43.9,15.6,19.4,2.37,34.2,1145.0,11.681,28.373,17.043,15.050,13.927,33.827,4,8,2.0,0.7
1507,7785.0,2995.0,263.0,639.0,737.0,1203,32.7,3.0,45.3,12.8,20.9,2.49,31.5,1596.0,10.575,26.730,15.452,14.350,12.419,31.391,5,18,3.6,0.5
1508,6292.0,3131.0,347.0,486.0,840.0,1206,33.5,3.0,45.1,13.4,23.2,2.47,32.0,2000.0,9.698,24.429,14.084,12.250,11.095,27.948,7,17,2.4,1.2
1509,8348.0,3766.0,293.0,717.0,1158.0,1208,31.8,3.0,45.1,13.6,21.8,2.49,28.9,1360.0,12.019,30.327,17.771,16.450,14.282,36.037,12,29,2.4,2.0
1510,6532.0,4360.0,246.0,451.0,858.0,1209,29.9,2.5,48.7,11.4,31.2,2.28,34.4,1038.0,10.818,24.798,15.514,14.350,12.446,28.531,7,26,3.7,1.2
1511,6851.0,3492.0,333.0,830.0,814.0,1210,31.2,2.4,46.8,13.3,26.1,2.35,33.2,1463.0,10.754,25.427,15.432,14.350,12.320,29.132,25,95,3.8,3.8
1512,6938.0,2604.0,252.0,758.0,926.0,1211,34.9,3.7,42.3,15.8,17.9,2.51,33.7,1037.0,9.895,24.971,14.708,12.950,11.478,28.965,4,14,3.5,0.7
1513,7609.0,2689.0,274.0,560.0,932.0,1212,32.6,2.9,43.0,17.1,19.3,2.62,28.7,1595.0,10.252,27.086,15.266,13.650,12.063,31.873,16,54,3.4,1.8
1514,9059.0,2692.0,322.0,616.0,1093.0,1213,32.6,2.8,41.9,17.6,16.8,2.62,25.7,2068.0,11.528,30.568,17.613,15.750,13.782,36.545,11,40,3.6,1.2
1515,9018.0,2022.0,278.0,542.0,785.0,1214,35.0,3.2,39.8,21.9,14.0,2.77,23.7,1765.0,10.499,29.471,16.231,14.350,12.645,35.496,12,39,3.3,1.7
1516,6563.0,2485.0,337.0,610.0,771.0,1215,34.8,3.0,42.5,16.4,18.0,2.45,30.2,1126.0,9.302,23.099,13.802,11.550,10.765,26.734,10,34,3.4,1.4
1517,13039.0,1517.0,214.0,420.0,1278.0,1216,30.8,2.7,36.7,25.3,7.8,2.69,23.8,1888.0,13.231,36.185,20.697,19.250,16.469,45.040,21,87,4.1,3.0
1518,9680.0,3307.0,226.0,608.0,1956.0,1218,35.4,3.5,43.6,16.5,21.3,2.36,33.7,1380.0,12.958,30.908,19.104,17.850,15.779,37.636,13,63,4.8,1.5
1519,9175.0,2912.0,276.0,700.0,1666.0,1219,36.5,3.4,43.6,14.1,19.0,2.41,33.1,1174.0,12.256,29.959,18.058,15.050,14.730,36.006,8,21,2.6,1.0
1520,9534.0,4182.0,168.0,486.0,1329.0,1220,29.5,2.9,46.5,13.6,24.7,2.52,26.9,1235.0,13.005,33.095,19.320,18.550,15.698,39.946,6,24,4.0,1.0
1521,7973.0,3785.0,224.0,667.0,1259.0,1221,34.0,2.8,44.1,15.6,21.9,2.5,31.2,1928.0,11.701,29.830,17.496,15.750,13.909,35.459,14,53,3.8,4.1
1522,7530.0,3774.0,303.0,819.0,865.0,1223,30.2,2.9,45.5,13.0,24.2,2.39,31.8,1134.0,11.426,27.448,16.619,15.750,13.291,31.927,17,58,3.4,3.3
1523,8762.0,4155.0,265.0,729.0,1557.0,1224,33.9,3.2,43.3,15.9,21.3,2.6,28.0,1820.0,12.839,33.708,19.028,16.450,15.467,40.605,2,8,4.0,0.2
1524,10519.0,2111.0,265.0,596.0,1040.0,1225,30.1,2.7,40.5,20.8,11.3,2.62,23.2,2381.0,12.015,31.800,18.232,17.150,14.530,38.458,7,25,3.6,0.6
1525,5804.0,3001.0,312.0,633.0,701.0,1226,28.5,2.6,45.1,15.1,25.0,2.47,29.1,1274.0,9.270,23.055,13.604,12.950,10.451,25.994,3,12,4.0,0.4
1526,4924.0,1998.0,298.0,455.0,367.0,1227,32.8,3.0,41.7,16.6,16.6,2.58,30.3,1260.0,7.225,19.067,10.702,10.150,8.040,21.220,4,11,2.8,0.8
1527,7230.0,3420.0,291.0,727.0,1145.0,1228,31.1,2.6,45.9,13.1,24.6,2.46,26.2,1609.0,11.039,27.351,16.018,14.350,12.814,31.749,14,59,4.2,1.4
1528,6617.0,2433.0,315.0,546.0,908.0,1229,35.4,3.1,43.0,16.5,19.8,2.46,28.7,1200.0,9.399,23.823,14.048,12.250,10.820,27.425,9,28,3.1,1.6
1529,7416.0,3277.0,255.0,738.0,865.0,1230,32.1,2.8,44.9,15.9,22.7,2.32,36.0,1457.0,10.781,25.116,15.504,13.650,12.552,29.241,11,41,3.7,1.6
1530,8310.0,2443.0,343.0,506.0,1022.0,1231,32.9,3.0,43.2,15.9,17.6,2.47,29.4,1367.0,10.714,26.570,15.718,14.350,12.624,31.306,9,45,5.0,1.5
1531,5663.0,3092.0,274.0,525.0,692.0,1232,32.7,2.8,44.1,16.1,22.5,2.46,32.4,919.0,8.971,22.106,13.324,12.250,10.245,25.245,15,63,4.2,3.4
1532,8046.0,3800.0,276.0,665.0,1148.0,1233,29.5,2.6,46.4,13.4,26.4,2.44,28.6,1320.0,11.864,29.225,17.382,15.750,13.935,34.327,9,32,3.6,1.4
1533,7903.0,3272.0,279.0,600.0,1149.0,1234,36.6,3.3,44.4,14.8,21.3,2.45,31.3,1003.0,11.046,27.741,16.523,14.350,13.203,33.159,7,32,4.6,1.1
1534,8225.0,3656.0,283.0,600.0,1579.0,1235,33.7,2.8,45.2,13.9,21.6,2.4,34.6,923.0,12.001,29.667,17.282,15.050,14.343,35.456,9,33,3.7,1.2
1535,8696.0,3430.0,259.0,716.0,1043.0,1236,35.0,3.5,42.8,14.2,17.8,2.64,24.5,1520.0,11.089,29.280,17.577,15.750,14.144,37.349,13,39,3.0,1.0
1536,16505.0,3980.0,158.0,607.0,7197.0,1237,35.7,2.8,39.2,24.3,15.4,2.71,25.7,2142.0,20.876,57.510,33.235,28.350,28.447,78.368,21,92,4.4,1.9
1537,12459.0,2273.0,168.0,650.0,1502.0,1238,26.7,2.3,41.2,18.3,12.7,2.77,20.1,1908.0,13.685,38.065,20.848,19.250,17.052,47.430,7,26,3.7,0.9
1538,9177.0,3723.0,225.0,767.0,897.0,1239,30.3,2.5,44.9,15.1,21.2,2.66,21.9,1527.0,12.344,32.909,18.587,17.150,14.789,39.429,4,16,4.0,0.5
1539,11357.0,2537.0,286.0,622.0,1329.0,1240,30.1,2.6,40.2,20.3,12.8,2.6,25.1,1761.0,13.215,34.508,20.064,19.250,16.131,42.124,13,37,2.8,1.8
1540,18383.0,2738.0,132.0,632.0,7357.0,1241,33.2,2.6,37.5,26.3,11.3,2.83,23.1,2200.0,20.657,58.930,34.630,30.450,29.242,83.423,19,90,4.7,1.1
1541,16713.0,2048.0,165.0,437.0,5628.0,1242,34.8,3.2,36.8,26.6,9.6,2.74,25.5,2821.0,18.385,51.342,30.252,26.950,24.990,69.789,24,103,4.3,1.8
1542,9335.0,3798.0,199.0,584.0,960.0,1243,28.6,2.5,45.6,13.8,21.7,2.58,23.6,1261.0,12.442,32.360,18.338,16.450,14.877,38.692,13,38,2.9,2.5
1543,13435.0,3229.0,168.0,664.0,3660.0,1244,32.6,2.8,41.1,20.4,15.9,2.84,21.9,1518.0,16.324,46.630,25.538,22.050,21.156,60.434,11,39,3.5,1.6
1544,20758.0,1700.0,137.0,493.0,4873.0,1245,33.7,2.9,36.2,29.6,8.8,2.89,21.6,1959.0,20.222,59.635,32.787,29.050,27.960,82.454,7,18,2.6,0.9
1545,19361.0,2188.0,181.0,652.0,4438.0,1246,30.7,2.6,35.9,29.8,9.9,2.87,21.5,1669.0,19.774,57.346,32.088,28.350,26.820,77.777,8,32,4.0,0.0
1546,9429.0,3248.0,235.0,671.0,830.0,1301,32.2,2.7,44.0,16.7,22.4,2.48,25.7,1938.0,11.966,29.836,17.874,15.750,14.414,35.941,3,4,1.3,0.4
1547,9333.0,4237.0,204.0,815.0,1015.0,1302,28.8,2.4,45.8,15.8,24.6,2.49,26.5,2068.0,13.083,32.900,19.369,17.850,15.603,39.235,4,9,2.3,0.4
1548,9151.0,3802.0,236.0,827.0,831.0,1303,29.2,2.9,45.6,12.3,22.6,2.5,23.6,848.0,12.559,31.435,18.472,17.150,14.846,37.160,2,14,7.0,0.5
1549,5628.0,3561.0,330.0,840.0,597.0,1304,35.0,3.0,46.4,14.2,24.5,2.2,42.7,1214.0,9.783,22.211,13.790,11.550,10.955,24.873,16,62,3.9,3.3
1550,10102.0,3221.0,206.0,541.0,1744.0,1305,30.3,2.5,44.1,14.3,20.0,2.64,22.9,1544.0,12.948,34.194,19.609,17.850,15.814,41.762,6,20,3.3,0.8
1551,6434.0,3881.0,250.0,627.0,1375.0,1307,33.6,3.1,47.7,11.6,28.4,2.34,31.2,900.0,10.803,25.263,15.502,13.650,12.566,29.387,4,20,5.0,0.7
1552,8246.0,4891.0,216.0,585.0,1454.0,1308,33.8,3.1,46.9,10.8,28.5,2.35,30.1,1374.0,12.790,30.377,18.468,17.150,15.392,36.557,16,52,3.3,1.8
1553,5581.0,3688.0,265.0,531.0,778.0,1309,31.9,2.8,46.4,13.2,30.0,2.47,29.1,918.0,9.521,23.735,13.960,12.950,10.842,27.030,8,28,3.5,1.9
1554,11165.0,5299.0,196.0,950.0,1843.0,1310,28.9,2.3,48.4,9.9,27.7,2.49,22.6,1392.0,15.804,39.800,23.135,21.350,19.453,48.989,5,23,4.6,0.8
1555,10386.0,6630.0,256.0,682.0,2247.0,1311,32.7,2.9,47.9,9.9,30.8,2.18,36.0,668.0,16.490,36.688,23.426,20.650,20.199,44.942,9,28,3.1,1.9
1556,11518.0,4802.0,215.0,760.0,2068.0,1312,31.3,2.8,45.4,12.5,23.0,2.33,33.4,1919.0,15.649,36.975,22.851,21.350,19.362,45.747,11,52,4.7,0.9
1557,12393.0,7133.0,177.0,772.0,2824.0,1313,34.7,3.1,46.7,12.5,28.5,2.3,36.4,870.0,18.623,42.953,27.638,23.450,23.299,53.738,5,21,4.2,0.7
1558,11651.0,5200.0,196.0,567.0,2993.0,1314,34.9,3.2,44.2,13.2,23.2,2.23,37.4,1503.0,16.429,37.330,24.033,22.050,20.607,46.822,10,31,3.1,0.8
1559,8414.0,5833.0,228.0,794.0,3252.0,1315,33.7,3.0,48.5,12.6,28.4,2.23,37.2,995.0,14.970,33.752,21.355,19.250,18.521,41.757,9,25,2.8,1.1
1560,4962.0,1834.0,333.0,598.0,845.0,1316,41.1,4.5,40.2,15.7,13.0,2.48,35.7,1688.0,7.538,19.456,11.069,8.750,8.572,22.126,7,42,6.0,0.8
1561,7857.0,3974.0,266.0,655.0,1325.0,1317,35.7,3.4,46.3,13.1,24.5,2.46,32.4,1402.0,11.879,29.569,17.344,15.750,14.078,35.042,7,21,3.0,0.8
1562,9498.0,4242.0,258.0,471.0,1424.0,1319,31.5,2.9,46.7,12.2,26.6,2.44,29.9,1012.0,12.978,31.872,19.086,17.150,15.894,39.033,12,26,2.2,2.0
1563,9092.0,4563.0,178.0,562.0,1266.0,1320,28.7,2.5,48.2,11.4,28.3,2.3,32.9,700.0,13.077,30.263,19.131,18.550,15.662,36.244,3,8,2.7,0.6
1564,9961.0,7123.0,196.0,653.0,2711.0,1321,34.0,3.1,47.9,9.5,29.7,2.33,30.9,1165.0,16.717,39.535,24.096,21.350,20.643,48.820,11,41,3.7,1.6
1565,12247.0,5383.0,157.0,585.0,2889.0,1322,31.4,2.5,46.0,12.9,24.1,2.53,29.1,1156.0,16.788,43.267,25.528,22.750,21.261,54.795,3,6,2.0,0.4
1566,14013.0,4395.0,166.0,725.0,3026.0,1323,29.7,2.6,44.0,15.2,21.1,2.46,32.9,1635.0,17.463,43.413,25.981,24.150,22.325,55.502,9,31,3.4,0.8
1567,11693.0,4850.0,192.0,680.0,2779.0,1324,33.1,3.1,45.7,14.3,24.9,2.31,33.9,1658.0,16.016,37.826,23.507,21.350,20.194,47.695,8,27,3.4,0.6
1568,13384.0,4305.0,173.0,702.0,3761.0,1325,33.8,3.1,44.1,14.7,20.2,2.51,27.8,2009.0,17.327,44.317,25.943,22.050,22.325,57.100,21,67,3.2,2.0
1569,11496.0,6525.0,197.0,747.0,3201.0,1326,30.3,2.7,46.4,14.3,27.3,2.65,27.7,1090.0,17.701,47.042,26.869,24.850,22.165,58.908,0,0,0.0,0.0
1570,13138.0,5035.0,170.0,711.0,2703.0,1327,31.7,2.6,44.5,12.4,19.8,2.28,34.8,1327.0,17.230,39.845,25.045,23.450,21.757,50.313,11,42,3.8,0.9
1571,11929.0,4632.0,147.0,722.0,2478.0,1328,31.1,2.8,43.8,13.1,20.6,2.55,29.5,1431.0,15.910,41.050,23.475,22.050,19.908,51.364,5,14,2.8,0.5
1572,7666.0,6272.0,200.0,691.0,1499.0,1329,27.7,2.6,49.3,10.5,33.2,2.22,32.5,895.0,13.808,31.000,19.479,17.850,16.328,36.655,11,39,3.5,2.2
1573,8317.0,4243.0,206.0,679.0,1155.0,1330,29.6,2.8,46.8,14.6,26.7,2.42,28.1,1028.0,12.281,29.883,18.007,17.150,14.600,35.526,2,6,3.0,0.4
1574,13813.0,5082.0,219.0,728.0,4808.0,1401,30.6,2.6,44.6,14.1,22.0,2.64,25.3,1990.0,19.157,51.145,28.841,26.250,24.650,65.811,4,10,2.5,0.4
1575,10470.0,4531.0,215.0,611.0,2943.0,1402,34.2,3.4,45.2,13.4,24.4,2.44,31.1,1392.0,15.124,37.221,22.104,19.950,18.769,46.194,3,12,4.0,0.3
1576,7165.0,3517.0,228.0,656.0,1675.0,1403,36.6,3.5,45.4,12.5,24.4,2.14,41.0,767.0,11.253,24.632,15.910,13.650,13.241,28.984,4,13,3.3,0.7
1577,9565.0,4943.0,267.0,648.0,1467.0,1404,31.8,2.8,47.3,11.7,27.0,2.28,33.1,1203.0,14.111,32.402,20.470,17.850,16.889,38.780,3,12,4.0,0.4
1578,7806.0,3692.0,230.0,515.0,1276.0,1405,32.4,3.0,45.3,14.0,24.0,2.23,36.6,878.0,11.531,26.088,16.360,15.050,13.519,30.586,8,19,2.4,1.4
1579,7139.0,3191.0,233.0,346.0,697.0,1406,31.7,2.6,44.6,12.7,23.6,2.19,38.9,1027.0,10.077,22.169,14.346,13.650,11.606,25.534,10,26,2.6,1.4
1580,7573.0,2633.0,251.0,561.0,1552.0,1407,32.5,2.7,43.2,13.1,19.0,2.32,37.4,1000.0,10.814,25.499,15.857,15.050,12.570,29.638,7,13,1.9,1.0
1581,9110.0,2926.0,311.0,547.0,1626.0,1408,32.5,2.7,45.8,12.6,22.9,2.22,36.2,931.0,12.159,27.572,17.351,14.350,14.520,32.927,4,10,2.5,0.6
1582,8607.0,3102.0,264.0,632.0,1942.0,1409,32.2,2.9,43.7,15.8,20.6,2.41,29.1,1113.0,12.146,29.610,17.908,15.750,14.548,35.464,3,11,3.7,0.4
1583,7564.0,3393.0,220.0,586.0,1871.0,1410,35.2,3.4,44.5,14.9,24.2,2.34,33.2,1575.0,11.573,27.219,16.874,14.350,13.634,32.069,8,17,2.1,1.8
1584,8481.0,3461.0,221.0,636.0,1400.0,1412,38.6,3.6,43.7,12.7,19.7,2.29,35.7,1035.0,11.916,27.740,17.383,14.350,14.199,33.056,16,52,3.3,2.0
1585,7491.0,3425.0,269.0,634.0,1086.0,1413,33.9,3.0,44.2,14.3,22.8,2.33,33.9,1507.0,10.984,26.050,15.725,13.650,12.905,30.606,4,17,4.3,0.4
1586,10340.0,4164.0,242.0,479.0,2264.0,1414,30.6,2.9,44.9,15.6,23.0,2.44,28.6,1211.0,14.241,35.340,20.963,18.550,17.488,43.399,7,33,4.7,1.0
1587,9628.0,3824.0,170.0,609.0,1666.0,1415,33.8,3.0,42.2,17.2,20.0,2.33,37.7,1184.0,13.103,30.831,19.305,17.850,15.898,37.410,1,1,1.0,0.1
1588,7537.0,3196.0,224.0,695.0,887.0,1416,33.6,3.1,44.0,13.3,22.1,2.41,35.1,1564.0,10.746,26.212,15.839,15.050,12.539,30.586,8,38,4.8,1.9
1589,8582.0,4324.0,203.0,746.0,1116.0,1418,29.7,2.6,45.9,13.9,27.3,2.49,24.8,1457.0,12.619,31.726,18.830,17.850,14.971,37.637,3,15,5.0,0.4
1590,10757.0,3225.0,252.0,627.0,1246.0,1419,27.5,2.4,43.1,13.5,15.0,2.62,22.1,1692.0,13.311,35.336,19.868,18.550,16.107,42.757,6,17,2.8,0.7
1591,12566.0,3911.0,201.0,660.0,2906.0,1420,32.8,2.8,43.8,13.1,18.2,2.59,24.2,2249.0,16.127,42.167,24.097,21.350,20.243,52.932,5,19,3.8,0.5
1592,17918.0,5522.0,127.0,690.0,6185.0,1421,32.1,2.5,43.1,15.8,19.0,2.69,26.4,1398.0,22.348,60.709,34.168,29.750,30.443,82.699,0,0,0.0,0.0
1593,8633.0,3645.0,316.0,616.0,1204.0,1422,26.5,2.2,46.8,11.7,22.7,2.3,31.9,930.0,12.303,28.571,17.752,16.450,14.414,33.475,2,8,4.0,0.4
1594,11211.0,4686.0,259.0,890.0,1912.0,1423,29.7,2.8,46.9,12.0,24.7,2.38,32.8,1085.0,15.556,37.292,22.548,20.650,18.958,45.448,6,20,3.3,0.9
1595,14099.0,4638.0,223.0,741.0,3066.0,1424,28.4,2.4,43.5,12.7,18.8,2.63,27.4,1259.0,17.900,47.223,26.383,24.150,22.767,60.061,0,0,0.0,0.0
1596,3727.0,2352.0,326.0,587.0,358.0,1501,35.5,3.7,42.0,19.6,20.5,2.68,33.2,1043.0,6.730,18.031,9.904,8.750,7.350,19.694,3,13,4.3,0.5
1597,9354.0,2591.0,248.0,682.0,846.0,1502,33.3,2.9,41.6,18.8,17.5,2.45,32.2,1013.0,11.449,28.227,17.290,15.750,13.721,33.826,1,5,5.0,0.2
1598,6829.0,3137.0,342.0,590.0,1122.0,1503,31.0,2.7,45.3,13.9,23.4,2.46,30.0,1206.0,10.454,26.168,15.405,14.350,12.020,30.087,4,15,3.8,0.8
1599,6939.0,3781.0,261.0,616.0,1087.0,1504,31.8,3.1,44.6,14.6,23.0,2.49,31.5,941.0,10.815,28.618,16.234,15.050,12.685,33.565,4,20,5.0,0.7
1600,4963.0,1933.0,343.0,497.0,339.0,1505,34.4,3.6,40.3,18.9,15.2,2.68,30.0,1485.0,7.242,19.624,10.910,9.450,8.075,21.881,3,6,2.0,0.5
1601,5488.0,2238.0,357.0,523.0,547.0,1506,33.2,3.0,42.1,16.9,18.8,2.69,28.8,1531.0,8.145,22.122,12.302,10.850,9.154,24.862,5,25,5.0,0.9
1602,4058.0,2031.0,385.0,491.0,223.0,1507,32.1,2.7,41.6,17.5,17.6,2.83,27.5,1040.0,6.600,19.127,10.129,9.450,7.188,20.831,2,14,7.0,0.3
1603,3829.0,1458.0,352.0,480.0,165.0,1508,33.9,3.2,39.1,19.7,13.9,2.75,31.6,1195.0,5.754,16.022,8.619,8.050,6.285,17.500,1,2,2.0,0.2
1604,5125.0,1937.0,409.0,546.0,356.0,1510,33.3,3.1,41.2,18.0,16.9,2.58,32.8,1014.0,7.484,19.938,11.128,10.150,8.374,22.308,2,5,2.5,0.5
1605,4224.0,2199.0,318.0,518.0,299.0,1511,33.2,3.2,41.9,15.7,18.6,2.76,28.8,1036.0,6.915,19.125,10.261,9.450,7.558,20.904,2,8,4.0,0.5
1606,6817.0,2744.0,291.0,403.0,867.0,1512,34.3,3.1,42.6,16.8,19.1,2.6,27.8,1387.0,9.519,25.334,14.298,12.250,11.123,29.605,8,27,3.4,1.4
1607,5889.0,3087.0,340.0,590.0,994.0,1513,31.1,2.7,45.6,13.8,21.9,2.65,25.2,1155.0,9.620,25.779,14.439,13.300,10.901,29.213,3,5,1.7,0.6
1608,6009.0,2965.0,337.0,538.0,580.0,1514,34.2,3.4,44.6,14.7,22.5,2.47,29.1,1358.0,9.174,22.908,13.450,12.250,10.428,26.041,3,7,2.3,0.3
1609,6219.0,2551.0,290.0,632.0,733.0,1515,31.6,2.8,43.1,17.2,18.6,2.61,27.9,1395.0,9.117,24.483,13.703,12.250,10.424,27.992,3,5,1.7,0.4
1610,6614.0,2478.0,311.0,583.0,707.0,1516,31.9,3.0,42.3,16.5,18.0,2.62,27.9,1594.0,9.124,24.169,13.890,12.950,10.692,28.322,3,11,3.7,0.5
1611,5211.0,2414.0,338.0,657.0,488.0,1517,33.0,2.9,42.5,16.7,19.2,2.57,30.8,1446.0,8.158,21.471,12.000,10.850,9.109,23.974,3,7,2.3,0.5
1612,6089.0,3360.0,267.0,659.0,723.0,1518,26.5,2.3,46.2,13.4,26.2,2.62,23.0,2109.0,9.781,25.773,14.675,13.650,11.098,29.242,7,24,3.4,0.7
1613,5190.0,3351.0,362.0,552.0,483.0,1519,27.6,2.4,46.6,13.3,27.6,2.66,24.3,1081.0,8.860,23.872,13.210,12.250,9.938,26.774,0,0,0.0,0.0
1614,5615.0,2378.0,315.0,634.0,571.0,1520,30.5,2.5,43.1,15.4,19.5,2.55,27.3,1357.0,8.506,22.063,12.603,11.550,9.512,24.673,1,2,2.0,0.2
1615,6832.0,2573.0,340.0,514.0,752.0,1521,32.2,2.7,42.8,17.2,19.2,2.68,23.6,2150.0,9.626,26.123,14.445,12.950,11.010,29.879,4,12,3.0,0.5
1616,5877.0,2385.0,332.0,516.0,827.0,1522,34.2,3.4,41.3,18.8,18.1,2.88,21.9,1364.0,8.700,25.544,13.490,11.550,9.937,29.174,1,1,1.0,0.2
1617,6875.0,3158.0,229.0,628.0,827.0,1523,29.7,2.4,44.6,14.8,22.9,2.71,19.3,1606.0,10.138,27.683,15.229,13.650,11.719,31.998,0,0,0.0,0.0
1618,8285.0,2900.0,281.0,682.0,1524.0,1524,29.4,2.6,44.1,14.9,19.2,2.75,21.3,1705.0,11.561,31.755,17.277,15.750,13.671,37.550,2,6,3.0,0.2
1619,5891.0,2399.0,329.0,706.0,481.0,1525,33.6,2.8,42.0,17.0,18.5,2.58,29.4,1316.0,8.611,22.382,12.914,10.850,9.807,25.491,3,9,3.0,0.6
1620,6218.0,2092.0,314.0,416.0,586.0,1526,34.6,3.1,40.9,17.3,16.5,2.65,30.1,1261.0,8.456,22.906,12.668,11.200,9.625,26.073,5,14,2.8,0.6
1621,6171.0,2314.0,256.0,515.0,950.0,1527,36.9,3.9,40.3,18.5,15.1,2.7,31.0,981.0,8.794,24.375,13.260,11.550,10.206,28.290,6,19,3.2,1.1
1622,10518.0,1462.0,214.0,546.0,855.0,1528,26.0,2.2,37.3,25.9,7.8,2.78,21.1,1159.0,11.386,31.646,17.560,16.450,13.594,37.782,1,1,1.0,0.1
1623,10487.0,3953.0,284.0,549.0,2103.0,1529,29.6,2.6,44.5,14.3,19.7,2.68,19.3,1057.0,13.966,37.550,20.952,19.250,17.376,46.721,4,7,1.8,0.9
1624,9304.0,3094.0,246.0,785.0,1097.0,1530,28.6,2.5,43.8,14.8,20.7,2.46,26.6,1935.0,12.320,30.358,18.162,17.150,14.527,35.798,0,0,0.0,0.0
1625,6471.0,4189.0,276.0,650.0,860.0,1531,30.4,2.6,46.7,14.4,28.6,2.54,28.3,944.0,10.799,28.631,16.273,15.050,12.445,32.996,3,5,1.7,0.8
1626,6391.0,2868.0,287.0,730.0,1121.0,1532,33.6,2.8,43.1,18.2,22.8,2.64,29.9,846.0,9.927,26.651,14.951,12.250,11.395,30.593,1,2,2.0,0.4
1627,12057.0,2901.0,192.0,608.0,2253.0,1533,33.6,3.1,41.6,16.9,14.8,2.69,23.4,1322.0,13.409,36.435,21.451,18.550,18.010,48.937,5,11,2.2,0.4
1628,15232.0,1898.0,143.0,560.0,2821.0,1534,27.5,2.2,35.4,29.4,9.8,2.87,20.9,1815.0,16.189,46.679,26.109,24.850,20.654,59.553,7,28,4.0,0.9
1629,17948.0,1505.0,173.0,604.0,3769.0,1535,26.9,2.3,34.4,30.2,6.3,2.83,23.3,1505.0,18.388,52.173,29.311,26.950,24.000,68.098,3,7,2.3,0.3
1630,5111.0,2973.0,380.0,718.0,521.0,1536,31.7,2.9,43.4,14.8,21.0,2.65,28.6,1112.0,8.690,23.411,12.966,12.250,9.703,26.139,0,0,0.0,0.0
1631,14030.0,2772.0,237.0,515.0,3010.0,1537,29.3,2.6,40.6,20.1,14.5,2.64,26.9,1606.0,15.986,42.441,24.683,22.050,20.563,54.595,6,12,2.0,0.7
1632,17438.0,1407.0,172.0,522.0,4262.0,1538,26.7,2.2,34.9,29.3,5.9,2.9,22.4,1990.0,18.338,53.162,29.473,25.550,23.802,69.002,11,29,2.6,0.0
1633,6464.0,2856.0,283.0,443.0,915.0,1601,32.4,2.8,44.0,16.3,21.8,2.57,25.3,1643.0,9.549,24.603,14.259,12.250,10.961,28.243,16,48,3.0,1.9
1634,6478.0,2943.0,269.0,608.0,955.0,1602,33.3,2.9,44.2,16.4,22.7,2.54,30.4,1945.0,9.791,25.254,14.445,12.250,11.253,29.024,2,7,3.5,0.2
1635,6044.0,2741.0,307.0,611.0,924.0,1603,32.3,2.6,43.5,16.1,20.9,2.65,26.1,1920.0,9.314,24.828,13.968,12.250,10.627,28.330,5,19,3.8,0.5
1636,5456.0,1954.0,317.0,660.0,473.0,1604,31.3,2.8,42.5,16.5,17.8,2.47,32.6,817.0,7.941,19.779,11.548,10.150,8.860,22.066,4,15,3.8,1.0
1637,6634.0,2463.0,251.0,503.0,727.0,1605,32.5,3.1,40.9,20.9,17.1,2.65,27.6,1625.0,9.238,24.782,13.836,12.250,10.579,28.377,15,43,2.9,2.1
1638,5728.0,3138.0,261.0,697.0,578.0,1606,35.3,3.0,46.5,13.5,25.4,2.42,31.8,1732.0,9.169,22.677,13.358,11.550,10.402,25.727,12,25,2.1,1.1
1639,6068.0,1990.0,296.0,596.0,697.0,1608,34.7,3.1,40.5,18.6,14.7,2.64,27.3,1538.0,8.519,23.070,12.872,11.550,9.647,26.124,12,25,2.1,1.5
1640,5099.0,1643.0,365.0,488.0,308.0,1609,35.0,3.1,40.8,16.9,13.5,2.71,27.9,1174.0,7.060,19.410,10.495,9.100,7.903,21.729,12,24,2.0,1.9
1641,6950.0,2962.0,257.0,937.0,1397.0,1610,32.7,2.7,44.4,15.2,22.5,2.43,32.5,1024.0,10.761,26.666,15.703,13.650,12.503,30.985,10,35,3.5,1.9
1642,7316.0,2821.0,275.0,580.0,588.0,1611,31.6,3.0,42.6,16.3,18.9,2.5,30.7,1334.0,10.092,25.449,14.776,13.650,11.580,29.201,1,6,6.0,0.2
1643,5951.0,2152.0,311.0,526.0,715.0,1612,33.6,2.9,42.8,16.3,17.5,2.65,24.5,921.0,8.553,23.041,12.948,11.550,9.654,26.010,7,33,4.7,1.5
1644,5206.0,2557.0,293.0,535.0,674.0,1613,35.2,3.4,43.0,17.9,21.2,2.69,26.4,1349.0,8.225,22.409,12.201,10.850,9.265,25.242,9,18,2.0,1.3
1645,7554.0,2958.0,278.0,595.0,870.0,1614,26.2,2.2,44.4,15.1,18.8,2.74,18.4,1427.0,10.625,29.198,15.992,15.050,12.255,33.679,0,0,0.0,0.0
1646,6683.0,3716.0,268.0,512.0,716.0,1615,25.7,2.3,46.1,13.9,26.1,2.61,23.2,1555.0,10.446,27.258,15.500,15.050,11.895,31.038,1,4,4.0,0.2
1647,9071.0,4189.0,227.0,645.0,836.0,1616,29.6,2.7,47.6,13.6,27.8,2.51,24.0,1382.0,12.177,31.100,18.073,15.050,14.967,38.225,1,2,2.0,0.1
1648,10565.0,1564.0,287.0,508.0,893.0,1617,28.2,2.6,37.7,22.9,9.9,2.54,28.4,2537.0,11.582,29.570,17.407,16.450,13.816,35.273,3,4,1.3,0.3
1649,6524.0,3223.0,306.0,511.0,811.0,1618,28.1,2.4,45.9,13.8,24.5,2.62,24.4,890.0,10.008,26.547,14.805,13.650,11.375,30.175,0,0,0.0,0.0
1650,9851.0,3279.0,215.0,582.0,1083.0,1619,31.7,2.8,43.6,14.7,18.5,2.48,30.2,1528.0,12.492,31.240,18.368,16.450,15.010,37.537,10,29,2.9,0.7
1651,5865.0,2961.0,276.0,569.0,408.0,1620,31.6,2.8,42.8,16.1,20.2,2.66,25.4,1506.0,8.894,23.787,13.336,12.250,10.078,26.954,2,8,4.0,0.2
1652,4630.0,3033.0,272.0,545.0,526.0,1621,29.1,2.6,45.4,15.1,26.3,2.54,26.8,1214.0,8.148,20.861,11.997,10.850,9.005,23.057,6,15,2.5,0.9
1653,5108.0,2659.0,294.0,565.0,580.0,1622,31.7,3.0,43.1,15.2,20.6,2.5,28.0,954.0,8.261,20.833,12.388,11.550,9.205,23.216,0,0,0.0,0.0
1654,6270.0,1870.0,290.0,464.0,489.0,1623,30.5,2.7,40.3,18.6,13.5,2.86,22.1,2100.0,8.266,23.778,12.539,12.250,9.383,26.991,2,6,3.0,0.3
1655,8363.0,3158.0,307.0,483.0,844.0,1624,27.2,2.4,45.5,12.6,21.0,2.64,19.7,1443.0,11.187,29.606,16.651,15.750,13.156,34.816,0,0,0.0,0.0
1656,6346.0,2694.0,353.0,532.0,726.0,1625,27.0,2.5,43.1,16.0,20.2,2.67,24.7,1288.0,9.361,25.450,14.095,12.950,10.650,28.955,1,2,2.0,0.2
1657,6200.0,3044.0,319.0,534.0,694.0,1626,28.1,2.5,45.4,15.3,24.7,2.53,24.3,1394.0,9.560,24.484,14.243,12.950,10.791,27.637,2,12,6.0,0.3
1658,7117.0,3850.0,286.0,679.0,1560.0,1627,30.3,2.6,45.8,14.7,25.5,2.46,31.5,1357.0,11.411,27.998,16.542,15.050,13.492,33.102,0,0,0.0,0.0
1659,12109.0,4200.0,144.0,849.0,2720.0,1628,29.1,2.4,44.2,16.5,19.4,2.61,25.1,1401.0,16.130,42.393,23.926,21.350,20.023,52.626,2,11,5.5,0.3
1660,15137.0,761.0,170.0,463.0,1932.0,1629,26.1,2.2,31.4,32.5,3.8,2.96,19.0,1682.0,14.712,43.561,24.132,22.750,18.463,54.667,1,7,7.0,0.1
1661,12025.0,1453.0,228.0,635.0,1858.0,1630,28.5,2.5,35.9,25.8,8.2,2.66,25.8,2032.0,13.233,35.288,20.634,19.250,16.199,43.196,0,0,0.0,0.0
1662,8084.0,2932.0,241.0,713.0,1165.0,1701,27.9,2.4,45.4,15.4,22.0,2.4,31.5,1402.0,11.209,26.971,16.581,15.050,13.136,31.607,1,7,7.0,0.1
1663,6637.0,3036.0,235.0,450.0,1982.0,1702,35.2,3.2,44.5,14.0,23.1,2.62,30.1,896.0,10.463,27.485,15.954,13.650,12.339,32.413,4,14,3.5,0.9
1664,7578.0,3695.0,292.0,673.0,1651.0,1703,30.2,2.7,47.2,13.4,25.1,2.53,26.5,1182.0,11.824,29.955,17.810,15.750,13.889,35.187,2,14,7.0,0.3
1665,15296.0,2465.0,164.0,403.0,4917.0,1706,34.8,3.0,39.0,24.8,13.7,2.88,22.6,2278.0,17.458,50.273,28.333,22.750,23.244,66.935,2,4,2.0,0.2
1666,6978.0,3269.0,196.0,618.0,11697.0,1707,31.5,2.5,44.7,18.1,24.7,2.65,27.1,714.0,11.539,30.800,17.361,15.050,22.756,60.741,0,0,0.0,0.0
1667,6917.0,2554.0,272.0,548.0,886.0,1801,26.6,2.3,41.6,20.5,17.7,2.68,22.2,1531.0,9.740,26.168,14.942,14.350,11.178,30.030,1,2,2.0,0.2
1668,6462.0,2633.0,365.0,486.0,872.0,1802,28.5,2.4,42.4,17.7,19.5,2.53,27.2,1048.0,9.538,24.092,14.264,12.950,10.818,27.325,0,0,0.0,0.0
1669,7361.0,2681.0,280.0,535.0,1184.0,1803,33.4,2.7,42.7,16.7,17.6,2.61,23.3,1469.0,10.292,27.067,15.586,14.350,12.041,31.664,3,5,1.7,0.3
1670,9588.0,2907.0,245.0,667.0,1607.0,1804,35.2,3.0,41.1,18.8,16.2,2.61,25.3,2332.0,12.270,32.144,18.711,16.450,15.014,39.333,9,39,4.3,0.8
1671,6153.0,2683.0,280.0,634.0,930.0,1805,34.9,3.4,44.2,15.4,21.7,2.44,29.9,1094.0,9.319,23.255,13.831,12.250,10.680,26.652,5,18,3.6,0.6
1672,4801.0,2832.0,324.0,485.0,568.0,1806,33.3,3.3,43.9,14.4,20.6,2.45,32.0,1308.0,8.014,19.871,11.652,10.850,9.010,22.341,2,10,5.0,0.3
1673,8229.0,1814.0,226.0,551.0,940.0,1807,31.7,2.9,39.6,20.3,12.9,2.41,32.9,1604.0,10.043,24.868,14.894,14.350,11.761,29.123,4,14,3.5,0.3
1674,6828.0,2157.0,295.0,505.0,577.0,1808,33.1,3.0,41.1,18.1,17.1,2.56,26.0,1842.0,9.044,23.193,13.515,12.950,10.363,26.575,11,60,5.5,1.1
1675,6640.0,3126.0,288.0,778.0,789.0,1809,30.9,2.7,45.7,14.2,23.5,2.61,21.9,999.0,10.085,26.698,15.077,13.650,11.622,30.766,4,13,3.3,0.9
1676,6901.0,2124.0,285.0,665.0,512.0,1810,30.7,2.6,41.0,19.3,16.6,2.71,21.5,1048.0,9.168,24.879,14.017,12.950,10.487,28.458,1,5,5.0,0.2
1677,6649.0,2850.0,298.0,556.0,994.0,1901,28.2,2.2,44.8,15.8,22.2,2.59,24.6,1242.0,9.860,25.582,14.807,13.650,11.347,29.440,0,0,0.0,0.0
1678,6508.0,3028.0,285.0,450.0,1069.0,1902,31.9,2.0,46.1,14.4,26.5,2.5,30.3,702.0,9.843,24.626,14.595,12.950,11.340,28.369,2,2,1.0,0.5
1679,7631.0,2552.0,248.0,510.0,1249.0,1903,29.2,2.3,42.9,19.1,20.6,2.65,25.1,1659.0,10.325,27.500,15.948,15.050,12.190,32.466,0,0,0.0,0.0
1680,7905.0,2860.0,240.0,497.0,2136.0,1904,30.4,2.4,44.1,17.2,22.0,2.54,27.4,1132.0,11.326,28.753,16.844,14.350,13.639,34.624,1,2,2.0,0.1
1681,9004.0,2486.0,212.0,614.0,1553.0,1905,30.1,2.5,44.6,17.3,20.2,2.67,22.1,2267.0,11.492,31.022,17.571,15.750,13.869,37.440,0,0,0.0,0.0
1682,8587.0,2813.0,295.0,633.0,1782.0,1906,29.3,2.6,44.2,15.8,21.1,2.56,26.4,1784.0,11.794,30.458,17.841,15.750,14.109,36.437,3,18,6.0,0.3
1683,8468.0,3594.0,252.0,843.0,2066.0,1907,29.0,2.4,47.3,14.7,27.1,2.44,31.9,757.0,12.712,31.800,19.136,17.150,15.223,38.083,9,46,5.1,2.8
1684,11318.0,3897.0,202.0,664.0,3528.0,1908,34.7,2.8,42.5,18.2,18.9,2.32,37.3,1832.0,15.377,35.906,22.683,19.250,19.609,45.788,42,213,5.1,1.3
1685,7720.0,3642.0,191.0,449.0,2027.0,1909,24.2,2.0,48.8,12.7,30.4,2.81,22.4,754.0,11.900,33.560,18.274,17.150,14.030,39.567,2,5,2.5,0.4
1686,4506.0,2553.0,294.0,777.0,521.0,1911,38.7,4.5,42.0,20.5,18.3,2.37,34.9,847.0,7.781,18.701,11.273,9.450,8.651,20.794,2,4,2.0,0.3
1687,8672.0,1353.0,371.0,640.0,679.0,1912,34.1,3.4,37.7,17.1,10.3,2.17,42.2,2017.0,10.075,21.948,14.029,12.950,11.714,25.520,9,39,4.3,1.1
1688,7223.0,3092.0,343.0,469.0,941.0,1913,30.7,2.7,44.8,14.0,20.8,2.53,23.7,1605.0,10.434,26.409,15.347,14.350,12.067,30.542,2,3,1.5,0.2
1689,5891.0,3206.0,314.0,674.0,664.0,1914,27.4,2.2,44.8,14.0,23.7,2.53,25.0,1581.0,9.534,24.237,14.203,12.950,10.749,27.324,2,16,8.0,0.3
1690,8268.0,3123.0,316.0,535.0,1131.0,1915,29.0,2.4,46.1,13.3,22.7,2.46,25.1,991.0,11.419,28.633,16.829,15.050,13.373,33.533,0,0,0.0,0.0
1691,11693.0,3089.0,316.0,721.0,3195.0,1916,35.2,3.0,43.5,16.8,16.7,2.13,42.0,1367.0,15.244,33.034,21.509,17.850,19.015,41.204,59,358,6.1,0.8
